				P8	P52	P59	FR	EN	DE						P25	P2	P2RP14
new	item														Q25	Q26	Q25
MiMoText Label (fr)	MiMoText Label (en)	MiMoText Label (de)	Wikidata IDs	Wikidata URLs		coordinate location	Wikidata Label (fr) | copy MMT-Label	Wikidata Label (en)	Wikidata Label (de)	Quelle (intern)	matching quality	skos:altLabel (fr)	skos:altLabel (en)	skos:altLabel (de)			
univers	universe	Universum	Q1	https://www.wikidata.org/wiki/Q1			univers	universe	Universum								
Boston	Boston	Boston	Q100	https://www.wikidata.org/wiki/Q100		42.358333333333,-71.0625	Boston	Boston	Boston								
Guinée	Guinea	Guinea	Q1006	https://www.wikidata.org/wiki/Q1006		10,-11	Guinée	Guinea	Guinea								
Provence	Provence	Provence	Q101081	https://www.wikidata.org/wiki/Q101081		44,6	Provence	Provence	Provence								
Maroc	Morocco	Marokko	Q1028	https://www.wikidata.org/wiki/Q1028		32,-6	Maroc	Morocco	Marokko								
Mozambique	Mozambique	Mosambik	Q1029	https://www.wikidata.org/wiki/Q1029		-19,35	Mozambique	Mozambique	Mosambik								
Hollande	Holland	Holland	Q102911	https://www.wikidata.org/wiki/Q102911		52.25,4.667	Hollande	Holland	Holland								
Corinthe	Corinth	Korinth	Q103011	https://www.wikidata.org/wiki/Q103011		37.933333333333,22.933333333333	Corinthe	Corinth	Korinth								
Saragosse	Zaragoza	Saragossa	Q10305	https://www.wikidata.org/wiki/Q10305		41.65,-0.88333333333333	Saragosse	Zaragoza	Saragossa								
Sénégal	Senegal	Senegal	Q1041	https://www.wikidata.org/wiki/Q1041		14.366667,-14.283333	Sénégal	Senegal	Senegal								
L'île de Délos		Die Insel Delos	Q104527690	https://www.wikidata.org/wiki/Q104527690			L'île de Délos		Die Insel Delos								
île inhabitée	desert island	unbewohnte Insel	Q1065592	https://www.wikidata.org/wiki/Q1065592			île inhabitée	desert island	unbewohnte Insel								
Neustrie	Neustria	Neustrien	Q106577	https://www.wikidata.org/wiki/Q106577			Neustrie	Neustria	Neustrien								
paysage	landscape	Landschaft	Q107425	https://www.wikidata.org/wiki/Q107425			paysage	landscape	Landschaft	DEL	exact match						
Siam	Siam	Siam	Q1081620	https://www.wikidata.org/wiki/Q1081620		13.75,100.51666666666667	Siam	Siam	Siam								
Prague	Prague	Prag	Q1085	https://www.wikidata.org/wiki/Q1085		50.083333333333,14.416666666667	Prague	Prague	Prag								
ruine	ruin	Ruine	Q109607		https://www.wikidata.org/wiki/Q109607		ruine	ruins	Ruine	BGRF/DEL	close match						
jardin	garden	Garten	Q1107656	https://www.wikidata.org/wiki/Q1107656			jardin	garden	Garten	DEL	exact match						
Laurède	Laurède	Laurède	Q1111777	https://www.wikidata.org/wiki/Q1111777		43.755555555556,-0.78861111111111	Laurède	Laurède	Laurède								
couvent	convent	Konvent	Q1128397	https://www.wikidata.org/wiki/Q1128397			couvent	convent	Konvent								
grotte	grotto	Grotte	Q1131329		https://www.wikidata.org/wiki/Q1131329					BGRF	close match						
cour	court	Hof	Q1134237		https://www.wikidata.org/wiki/Q1134237		cour	court	Hofstaat	DEL	close match						
Alsace	Alsace	Elsass	Q1142	https://www.wikidata.org/wiki/Q1142		48.5,7.5	Alsace	Alsace	Elsass								
pays de fiction	fictional country	fiktives Land	Q1145276	https://www.wikidata.org/wiki/Q1145276			pays de fiction	fictional country	fiktives Land								
cabinet de curiosité	cabinet of curiosities	Kuriositätenkabinett	Q1146002		https://www.wikidata.org/wiki/Q1146002		cabinet de curiosités	cabinet of curiosities	Wunderkammer	DEL	close match						
Auvergne	Auvergne	Auvergne	Q1152	https://www.wikidata.org/wiki/Q1152		45.7,3.3	Auvergne	Auvergne	Auvergne								
théâtre	theatre	Theater	Q11635	https://www.wikidata.org/wiki/Q11635			théâtre	theatre	Theater	DEL	exact match						
sérail	Seraglio	Serail	Q1170287	https://www.wikidata.org/wiki/Q1170287			sérail	Seraglio	Serail								
Goa	Goa	Goa	Q1171	https://www.wikidata.org/wiki/Q1171		15.401944,74.043333	Goa	Goa	Goa								
Grèce antique	Ancient Greece	Antikes Griechenland	Q11772	https://www.wikidata.org/wiki/Q11772		38.59932,24.59412	Grèce antique	Ancient Greece	Antikes Griechenland								
Aquitaine	Aquitaine	Aquitanien	Q1179	https://www.wikidata.org/wiki/Q1179		44.583333333333,0	Aquitaine	Aquitaine	Aquitanien								
Nisida	Nisida	Nisida	Q1192720	https://www.wikidata.org/wiki/Q1192720		40.795277777778,14.163333333333	Nisida	Nisida	Nisida								
Batavia	Batavia	Batavia	Q1199713	https://www.wikidata.org/wiki/Q1199713		-6.134836,106.813222	Batavia	Batavia	Batavia								
Bretagne	Brittany	Bretagne	Q12130	https://www.wikidata.org/wiki/Q12130		48,-3	Bretagne	Brittany	Bretagne								
Piémont	Piedmont	Piemont	Q1216	https://www.wikidata.org/wiki/Q1216		45.25,7.9166666666667	Piémont	Piedmont	Piemont								
Nantes	Nantes	Nantes	Q12191	https://www.wikidata.org/wiki/Q12191		47.217222222222,-1.5538888888889	Nantes	Nantes	Nantes								
Brest	Brest	Brest	Q12193	https://www.wikidata.org/wiki/Q12193		48.39,-4.4869444444444	Brest	Brest	Brest								
Lignon	Lignon	Lignon	Q1219591	https://www.wikidata.org/wiki/Q1219591		48.585833333333,4.5311111111111	Lignon	Lignon	Lignon								
canal	canal	Kanal	Q12284	https://www.wikidata.org/wiki/Q12284			canal	canal	Kanal	DEL	exact match						
Hébrides	Hebrides	Hebriden	Q123377	https://www.wikidata.org/wiki/Q123377		57.833333333333,-7	Hébrides	Hebrides	Hebriden								
Midi de la France	Southern France	Südfrankreich	Q1237299	https://www.wikidata.org/wiki/Q1237299			Midi de la France	Southern France	Südfrankreich								
Pyrénées	Pyrenees	Pyrenäen	Q12431	https://www.wikidata.org/wiki/Q12431		42.666666666667,1	Pyrénées	Pyrenees	Pyrenäen								
Saint-Empire romain germanique	Holy Roman Empire	Heiliges Römisches Reich	Q12548	https://www.wikidata.org/wiki/Q12548			Saint-Empire romain germanique	Holy Roman Empire	Heiliges Römisches Reich	DEL	exact match						
Amérique latine	Latin America	Lateinamerika	Q12585	https://www.wikidata.org/wiki/Q12585		-1.106889,-68.097391	Amérique latine	Latin America	Lateinamerika	DEL	exact match						
Tanger	Tangier	Tanger	Q126148	https://www.wikidata.org/wiki/Q126148		35.776666666666664,-5.803888888888888	Tanger	Tangier	Tanger								
Antibes	Antibes	Antibes	Q126898	https://www.wikidata.org/wiki/Q126898		43.58,7.1230555555556	Antibes	Antibes	Antibes								
Savoie	Savoie	Savoie	Q12745	https://www.wikidata.org/wiki/Q12745		45.583333333333,6.3333333333333	Savoie	Savoie	Savoie								
Nouveau Monde	New World	Neue Welt	Q127834	https://www.wikidata.org/wiki/Q127834			Nouveau Monde	New World	Neue Welt								
Vendée	Vendée	Département Vendée	Q12798	https://www.wikidata.org/wiki/Q12798		46.670556,-1.426667	Vendée	Vendée	Département Vendée								
Lesbos	Lesbos	Lesbos	Q128087	https://www.wikidata.org/wiki/Q128087		39.21,26.28	Lesbos	Lesbos	Lesbos								
Asie mineure	Asia Minor	Kleinasien	Q12824780	https://www.wikidata.org/wiki/Q12824780		39,34	Asie mineure	Asia Minor	Kleinasien								
Alpes	Alps	Alpen	Q1286	https://www.wikidata.org/wiki/Q1286		46,1	Alpes	Alps	Alpen								
Grenoble	Grenoble	Grenoble	Q1289	https://www.wikidata.org/wiki/Q1289		45.186944444444,5.7263888888889	Grenoble	Grenoble	Grenoble								
Anvers	Antwerp	Antwerpen	Q12892	https://www.wikidata.org/wiki/Q12892		51.221111111111114,4.3997222222222225	Anvers	Antwerp	Antwerpen								
Persépolis	Persepolis	Persepolis	Q129072	https://www.wikidata.org/wiki/Q129072		29.934444444444,52.891388888889	Persépolis	Persepolis	Persepolis								
Chartres	Chartres	Chartres	Q130272	https://www.wikidata.org/wiki/Q130272		48.446666666667,1.4883333333333	Chartres	Chartres	Chartres								
Arras	Arras	Arras	Q131329	https://www.wikidata.org/wiki/Q131329		50.289166666667,2.78	Arras	Arras	Arras								
Orénoque	Orinoco	Orinoco	Q131792	https://www.wikidata.org/wiki/Q131792		8.56,-60.5	Orénoque	Orinoco	Orinoco								
Scythes	Scythians	Skythen	Q131802	https://www.wikidata.org/wiki/Q131802			Scythes	Scythians	Skythen								
Bactriane	Bactria	Baktrien	Q132646	https://www.wikidata.org/wiki/Q132646		36.758056,66.898889	Bactriane	Bactria	Baktrien								
Philadelphie	Philadelphia	Philadelphia	Q1345	https://www.wikidata.org/wiki/Q1345		39.952777777778,-75.163611111111	Philadelphie	Philadelphia	Philadelphia								
Alix	Alix	Alix	Q1364465	https://www.wikidata.org/wiki/Q1364465		45.912777777778,4.6541666666667	Alix	Alix	Alix								
Syracuse	Syracuse	Syrakus	Q13670	https://www.wikidata.org/wiki/Q13670		37.069166666667,15.2875	Syracuse	Syracuse	Syrakus								
Virginie	Virginia	Virginia	Q1370	https://www.wikidata.org/wiki/Q1370		37.5,-79	Virginie	Virginia	Virginia								
Smyrne	Smyrna		Q1379299	https://www.wikidata.org/wiki/Q1379299		38.423889,27.142778	Smyrne	Smyrna									
Maryland	Maryland	Maryland	Q1391	https://www.wikidata.org/wiki/Q1391		39,-76.7	Maryland	Maryland	Maryland								
Île-de-France	Île-de-France	Île-de-France	Q13917	https://www.wikidata.org/wiki/Q13917		48.8522,2.3176	Île-de-France	Île-de-France	Île-de-France								
Picardie	Picardy	Picardie	Q13950	https://www.wikidata.org/wiki/Q13950		49.5,2.8333333333333	Picardie	Picardy	Picardie								
Circassie	Circassia	Tscherkessien	Q1408764	https://www.wikidata.org/wiki/Q1408764		43.585278,39.720278	Circassie	Circassia	Tscherkessien								
Corse	Corsica	Korsika	Q14112	https://www.wikidata.org/wiki/Q14112		42.15,9.0833333333333	Corse	Corsica	Korsika								
France	France	Frankreich	Q142	https://www.wikidata.org/wiki/Q142		47,2	France	France	Frankreich	BGRF/DEL	exact match						
Nord de la France	Northern France		Q14201393	https://www.wikidata.org/wiki/Q14201393		49.95122,1.779785	Nord de la France	Northern France									
Tage	Tagus river	Tajo	Q14294	https://www.wikidata.org/wiki/Q14294		40.3197,-1.6975	Tage	Tagus river	Tajo								
Mérida	Mérida	Mérida	Q14323	https://www.wikidata.org/wiki/Q14323		38.915833333333,-6.3333333333333	Mérida	Mérida	Mérida								
Zante	Zakynthos	Zakynthos	Q144880	https://www.wikidata.org/wiki/Q144880		37.8,20.75	Zante	Zakynthos	Zakynthos								
Gênes	Genoa	Genua	Q1449	https://www.wikidata.org/wiki/Q1449		44.407186111111,8.9339833333333	Gênes	Genoa	Genua								
Royaume-Uni	United Kingdom	Vereinigtes Königreich	Q145	https://www.wikidata.org/wiki/Q145		54.6,-2	Royaume-Uni	United Kingdom	Vereinigtes Königreich								
Calabre	Calabria	Kalabrien	Q1458	https://www.wikidata.org/wiki/Q1458		39,16.5	Calabre	Calabria	Kalabrien								
Sicile	Sicily	Autonome Region Sizilien	Q1460	https://www.wikidata.org/wiki/Q1460		37.599958333333,14.015377777778	Sicile	Sicily	Autonome Region Sizilien								
Loire	Loire	Loire	Q1469	https://www.wikidata.org/wiki/Q1469		44.841666666667,4.2186111111111	Loire	Loire	Loire								
Seine	Seine	Seine	Q1471	https://www.wikidata.org/wiki/Q1471		49.434722222222,0.1175	Seine	Seine	Seine								
Bordeaux	Bordeaux	Bordeaux	Q1479	https://www.wikidata.org/wiki/Q1479		44.837777777778,-0.57944444444444	Bordeaux	Bordeaux	Bordeaux								
République populaire de Chine	People's Republic of China	Volksrepublik China	Q148	https://www.wikidata.org/wiki/Q148		35.844722222222224,103.45194444444445	République populaire de Chine	People's Republic of China	Volksrepublik China								
Buenos Aires	Buenos Aires	Buenos Aires	Q1486	https://www.wikidata.org/wiki/Q1486		-34.599722222222,-58.381944444444	Buenos Aires	Buenos Aires	Buenos Aires								
Afrique	Africa	Afrika	Q15	https://www.wikidata.org/wiki/Q15		21.09375,7.1881	Afrique	Africa	Afrika	DEL	exact match						
Franconie	Franconia	Franken	Q150907	https://www.wikidata.org/wiki/Q150907		49.816,10.865	Franconie	Franconia	Franken								
Dauphiné	Dauphiné	Dauphiné	Q151999	https://www.wikidata.org/wiki/Q151999		45.383333333333,5.7333333333333	Dauphiné	Dauphiné	Dauphiné								
Athènes	Athens	Athen	Q1524	https://www.wikidata.org/wiki/Q1524		37.98416666666667,23.728055555555557	Athènes	Athens	Athen								
Bagdad	Baghdad	Bagdad	Q1530	https://www.wikidata.org/wiki/Q1530		33.35,44.416666666667	Bagdad	Baghdad	Bagdad								
opéra	opera house	Opernhaus	Q153562	https://www.wikidata.org/wiki/Q153562			opéra	opera house	Opernhaus								
Roussillon	Rosselló	Rosselló	Q15476	https://www.wikidata.org/wiki/Q15476		42.666666666667,2.8166666666667	Roussillon	Rosselló	Rosselló								
Cadix	Cádiz	Cádiz	Q15682	https://www.wikidata.org/wiki/Q15682		36.535,-6.2975	Cadix	Cádiz	Cádiz								
Normandie	Normandy	Normandie	Q15878	https://www.wikidata.org/wiki/Q15878		49.12233911111111,-0.43664430555555556	Normandie	Normandy	Normandie								
Russie	Russia	Russland	Q159	https://www.wikidata.org/wiki/Q159		66.41666666666667,94.25	Russie	Russia	Russland	DEL	exact match						
Canada	Canada	Kanada	Q16	https://www.wikidata.org/wiki/Q16		56,-109	Canada	Canada	Kanada								
Saint-Malo	Saint-Malo	Saint-Malo	Q163108	https://www.wikidata.org/wiki/Q163108		48.647222222222,-2.0088888888889	Saint-Malo	Saint-Malo	Saint-Malo								
Chambéry	Chambéry	Chambéry	Q165090	https://www.wikidata.org/wiki/Q165090		45.566388888889,5.9208333333333	Chambéry	Chambéry	Chambéry								
Danube	Danube	Donau	Q1653	https://www.wikidata.org/wiki/Q1653		45.221944444444446,29.743333333333332	Danube	Danube	Donau								
palais	palace	Palast	Q16560	https://www.wikidata.org/wiki/Q16560			palais	palace	Palast								
Canton	Guangzhou	Guangzhou	Q16572	https://www.wikidata.org/wiki/Q16572		23.128795,113.258976	Canton	Guangzhou	Guangzhou								
Antilles	Antilles	Antillen	Q166131	https://www.wikidata.org/wiki/Q166131		18.2176,-67.8639	Antilles	Antilles	Antillen								
Thessalie	Thessalia	Thessalien	Q166919	https://www.wikidata.org/wiki/Q166919		39.6,22.2	Thessalie	Thessalia	Thessalien								
Auxerre	Auxerre	Auxerre	Q167600	https://www.wikidata.org/wiki/Q167600		47.7975,3.5669444444444	Auxerre	Auxerre	Auxerre								
Anglesey	Anglesey	Anglesey	Q168159	https://www.wikidata.org/wiki/Q168159		53.293975,-4.376728	Anglesey	Anglesey	Anglesey								
Constantinople	Constantinople	Konstantinopel	Q16869	https://www.wikidata.org/wiki/Q16869		41.01224,28.976018	Constantinople	Constantinople	Konstantinopel								
hôpital	hospital	Krankenhaus	Q16917	https://www.wikidata.org/wiki/Q16917			hôpital	hospital	Krankenhaus	DEL	exact match						
Milet	Miletus	Milet	Q169460	https://www.wikidata.org/wiki/Q169460		37.531111,27.275556	Milet	Miletus	Milet								
Japon	Japan	Japan	Q17	https://www.wikidata.org/wiki/Q17		35,136	Japon	Japan	Japan	DEL	exact match						
Martinique	Martinique	Martinique	Q17054	https://www.wikidata.org/wiki/Q17054		14.65,-61.015	Martinique	Martinique	Martinique								
Royaume houéda	Kingdom of Whydah	Sahé	Q1716449	https://www.wikidata.org/wiki/Q1716449			Royaume houéda	Kingdom of Whydah	Sahé								
Castille	Castile	Kastilien	Q173063	https://www.wikidata.org/wiki/Q173063		42.35,-3.81666667	Castille	Castile	Kastilien								
Vienne	Vienna	Wien	Q1741	https://www.wikidata.org/wiki/Q1741		48.20833,16.373064	Vienne	Vienna	Wien								
Rome antique	Ancient Rome	Römisches Reich	Q1747689	https://www.wikidata.org/wiki/Q1747689		41.89,12.48	Rome antique	Ancient Rome	Römisches Reich								
Copenhague	Copenhagen	Kopenhagen	Q1748	https://www.wikidata.org/wiki/Q1748		55.676111111111,12.568888888889	Copenhague	Copenhagen	Kopenhagen								
campagne	rural area	ländlicher Raum	Q175185	https://www.wikidata.org/wiki/Q175185			campagne	rural area	ländlicher Raum								
Dublin	Dublin	Dublin	Q1761	https://www.wikidata.org/wiki/Q1761		53.34972222222222,-6.260277777777778	Dublin	Dublin	Dublin								
Jura	Jura Mountains	Jura	Q178611	https://www.wikidata.org/wiki/Q178611		47.2431,6.0219	Jura	Jura Mountains	Jura								
Francfort-sur-le-Main	Frankfurt	Frankfurt am Main	Q1794	https://www.wikidata.org/wiki/Q1794		50.113611111111,8.6797222222222	Francfort-sur-le-Main	Frankfurt	Frankfurt am Main								
Amérique du Sud	South America	Südamerika	Q18	https://www.wikidata.org/wiki/Q18		-21,-59	Amérique du Sud	South America	Südamerika	Seklit.	exact match						
Compiègne	Compiègne	Compiègne	Q180871	https://www.wikidata.org/wiki/Q180871		49.414166666667,2.8222222222222	Compiègne	Compiègne	Compiègne								
Paphos	Paphos	Paphos	Q180918	https://www.wikidata.org/wiki/Q180918		34.77612852,32.42651039	Paphos	Paphos	Paphos								
Corée	Korea	Korea	Q18097	https://www.wikidata.org/wiki/Q18097		38.316666666667,127.23333333333	Corée	Korea	Korea								
Alençon	Alençon	Alençon	Q181269	https://www.wikidata.org/wiki/Q181269		48.429722222222,0.091944444444444	Alençon	Alençon	Alençon								
Fontainebleau	Fontainebleau	Fontainebleau	Q182872	https://www.wikidata.org/wiki/Q182872		48.408888888889,2.7016666666667	Fontainebleau	Fontainebleau	Fontainebleau								
Allemagne	Germany	Deutschland	Q183	https://www.wikidata.org/wiki/Q183		51,1	Allemagne	Germany	Deutschland	DEL	exact match						
Livonie	Livonia	Livland	Q183464	https://www.wikidata.org/wiki/Q183464		57.862234,25.967155	Livonie	Livonia	Livland								
Mytilène	Mytilene	Mytilini	Q189059	https://www.wikidata.org/wiki/Q189059		39.103611111111,26.533055555556	Mytilène	Mytilene	Mytilini								
Bologne	Bologna	Bologna	Q1891	https://www.wikidata.org/wiki/Q1891		44.493888888889,11.342777777778	Bologne	Bologna	Bologna								
Saint-Cloud	Saint-Cloud	Saint-Cloud	Q189153	https://www.wikidata.org/wiki/Q189153		48.846388888889,2.2152777777778	Saint-Cloud	Saint-Cloud	Saint-Cloud								
Silvérie			Q19232000	https://www.wikidata.org/wiki/Q19232000			Silvérie										
Saturne	Saturn	Saturn	Q193	https://www.wikidata.org/wiki/Q193			Saturne	Saturn	Saturn								
Saumur	Saumur	Saumur	Q193821	https://www.wikidata.org/wiki/Q193821		47.259166666667,-0.078055555555556	Saumur	Saumur	Saumur								
Suresnes	Suresnes	Suresnes	Q193929	https://www.wikidata.org/wiki/Q193929		48.871111111111,2.2269444444444	Suresnes	Suresnes	Suresnes								
Chinon	Chinon	Chinon	Q194138	https://www.wikidata.org/wiki/Q194138		47.166944444444,0.24277777777778	Chinon	Chinon	Chinon								
Terre	Earth	Erde	Q2	https://www.wikidata.org/wiki/Q2			Terre	Earth	Erde	DEL	exact match						
Norvège	Norway	Norwegen	Q20	https://www.wikidata.org/wiki/Q20		65,11	Norvège	Norway	Norwegen								
Ouessant	Ushant	Ouessant	Q202378	https://www.wikidata.org/wiki/Q202378		48.455277777778,-5.0975	Ouessant	Ushant	Ouessant								
Samarah	Samarah	Samarah	Q20306954	https://www.wikidata.org/wiki/Q20306954		16.139722222222,43.151944444444	Samarah	Samarah	Samarah								
Florence	Florence	Florenz	Q2044	https://www.wikidata.org/wiki/Q2044		43.771388888889,11.254166666667	Florence	Florence	Florenz								
Cuzco	Cusco Departament	Cusco	Q205057	https://www.wikidata.org/wiki/Q205057		-13.26,-72.11	Cuzco	Cusco Departament	Cusco								
Orient	Orient	Orient	Q205653	https://www.wikidata.org/wiki/Q205653			Orient	Orient	Orient	BGRF/DEL	exact match						
Languedoc	Languedoc	Languedoc	Q206221	https://www.wikidata.org/wiki/Q206221		43.666666666667,3.1666666666667	Languedoc	Languedoc	Languedoc								
atelier d'artiste	atelier	Atelier	Q2072285	https://www.wikidata.org/wiki/Q2072285			atelier d'artiste	atelier	Atelier	DEL	exact match						
Cythère	Kythira	Kythira	Q207239	https://www.wikidata.org/wiki/Q207239		36.2575,22.9975	Cythère	Kythira	Kythira								
Leipzig	Leipzig	Leipzig	Q2079	https://www.wikidata.org/wiki/Q2079		51.333333333333,12.383333333333	Leipzig	Leipzig	Leipzig								
bois de Boulogne	Bois de Boulogne	Bois de Boulogne	Q209626	https://www.wikidata.org/wiki/Q209626		48.864722222222,2.2508333333333	bois de Boulogne	Bois de Boulogne	Bois de Boulogne								
Angleterre	England	England	Q21	https://www.wikidata.org/wiki/Q21		53,-1	Angleterre	England	England	BGRF/DEL	exact match						
Stainville	Stainville	Stainville	Q210672	https://www.wikidata.org/wiki/Q210672		48.653611111111,5.1855555555556	Stainville	Stainville	Stainville								
Hortence	Hortence	Hortence	Q21144570	https://www.wikidata.org/wiki/Q21144570			Hortence	Hortence	Hortence								
Mannheim	Mannheim	Mannheim	Q2119	https://www.wikidata.org/wiki/Q2119		49.48777777777778,8.466111111111111	Mannheim	Mannheim	Mannheim								
Sens	Sens	Sens	Q212420	https://www.wikidata.org/wiki/Q212420		48.197222222222,3.2833333333333	Sens	Sens	Sens								
Indes orientales	East Indies		Q213137	https://www.wikidata.org/wiki/Q213137		1,103	Indes orientales	East Indies									
Béarn	Béarn	Béarn	Q213763	https://www.wikidata.org/wiki/Q213763		43.3,-0.366667	Béarn	Béarn	Béarn								
Saint-Romain-le-Preux	Saint-Romain-le-Preux	Saint-Romain-le-Preux	Q214362	https://www.wikidata.org/wiki/Q214362		47.933888888889,3.2419444444444	Saint-Romain-le-Preux	Saint-Romain-le-Preux	Saint-Romain-le-Preux								
Chica	Chica	Playa Chica	Q21476034	https://www.wikidata.org/wiki/Q21476034		-62.45,-60.8	Chica	Chica	Playa Chica								
Gercourt-et-Drillancourt	Gercourt-et-Drillancourt	Gercourt-et-Drillancourt	Q217293	https://www.wikidata.org/wiki/Q217293		49.285,5.2380555555556	Gercourt-et-Drillancourt	Gercourt-et-Drillancourt	Gercourt-et-Drillancourt								
Bulgarie	Bulgaria	Bulgarien	Q219	https://www.wikidata.org/wiki/Q219		42.75,25.5	Bulgarie	Bulgaria	Bulgarien								
Écosse	Scotland	Schottland	Q22	https://www.wikidata.org/wiki/Q22		57,-5	Écosse	Scotland	Schottland	DEL	exact match						
Rome	Rome	Rom	Q220	https://www.wikidata.org/wiki/Q220		41.893055555556,12.482777777778	Rome	Rome	Rom								
parc	park	Park	Q22698	https://www.wikidata.org/wiki/Q22698			parc	park	Park								
Bath	Bath	Bath	Q22889	https://www.wikidata.org/wiki/Q22889		51.381389,-2.358611	Bath	Bath	Bath								
Chypre	Cyprus	Republik Zypern	Q229	https://www.wikidata.org/wiki/Q229		35,33	Chypre	Cyprus	Republik Zypern								
Géorgie	Georgia	Georgien	Q230	https://www.wikidata.org/wiki/Q230		42.016669444444,43.733330555556	Géorgie	Georgia	Georgien								
Cornouailles	Cornwall	Cornwall	Q23148	https://www.wikidata.org/wiki/Q23148		50.3,-4.9	Cornouailles	Cornwall	Cornwall								
Bristol	Bristol	Bristol	Q23154	https://www.wikidata.org/wiki/Q23154		51.45,-2.5833333333333	Bristol	Bristol	Bristol								
Kent	Kent	Kent	Q23298	https://www.wikidata.org/wiki/Q23298		51.19,0.73	Kent	Kent	Kent								
Flandre	Flanders	Flandern	Q234	https://www.wikidata.org/wiki/Q234		51,4.5	Flandre	Flanders	Flandern								
Ancien Régime	Ancien Régime	Ancien Régime	Q234081	https://www.wikidata.org/wiki/Q234081			Ancien Régime	Ancien Régime	Ancien Régime	Seklit	exact match						
île	island	Insel	Q23442	https://www.wikidata.org/wiki/Q23442			île	island	Insel	DEL	exact match						
Marseille	Marseille	Marseille	Q23482	https://www.wikidata.org/wiki/Q23482		43.296666666667,5.3763888888889	Marseille	Marseille	Marseille								
Balkans	Balkans	Balkan	Q23522		https://www.wikidata.org/wiki/Q23522	42,22	Balkans	Balkans	Balkanhalbinsel	DEL	close match						
Tibéré	Tibéré		Q23663811	https://www.wikidata.org/wiki/Q23663811		6.0666666666667,14.316666666667	Tibéré	Tibéré									
France au Moyen Âge	France in the Middle Ages	Frankreich im Mittelalter	Q237131	https://www.wikidata.org/wiki/Q237131			France au Moyen Âge	France in the Middle Ages	Frankreich im Mittelalter								
Palestine	Palestine	Palästina	Q23792	https://www.wikidata.org/wiki/Q23792		31.625321,35.145264	Palestine	Palestine	Palästina								
Bruxelles	City of Brussels	Brüssel	Q239	https://www.wikidata.org/wiki/Q239		50.846666666666664,4.351666666666667	Bruxelles	City of Brussels	Brüssel								
Cuba	Cuba	Kuba	Q241	https://www.wikidata.org/wiki/Q241		22,-79.5	Cuba	Cuba	Kuba								
Ormuz	Ormus	Ormus (Reich)	Q2478280	https://www.wikidata.org/wiki/Q2478280		27.1,56.45	Ormuz	Ormus	Ormus (Reich)								
pays de Galles	Wales	Wales	Q25	https://www.wikidata.org/wiki/Q25		52.35,-3.6333333333333	pays de Galles	Wales	Wales								
Hispaniola	Hispaniola	Hispaniola	Q25277	https://www.wikidata.org/wiki/Q25277		19,-71	Hispaniola	Hispaniola	Hispaniola								
vallée de Tempé	Vale of Tempe	Tempe	Q258540	https://www.wikidata.org/wiki/Q258540		39.872778,22.546667	vallée de Tempé	Vale of Tempe	Tempe								
Algérie	Algeria	Algerien	Q262	https://www.wikidata.org/wiki/Q262		28,1	Algérie	Algeria	Algerien								
Madère	Madeira	Autonome Region Madeira	Q26253	https://www.wikidata.org/wiki/Q26253		32.75,-17	Madère	Madeira	Autonome Region Madeira								
Naples	Naples	Neapel	Q2634	https://www.wikidata.org/wiki/Q2634		40.833333333333,14.25	Naples	Naples	Neapel								
Palerme	Palermo	Palermo	Q2656	https://www.wikidata.org/wiki/Q2656		38.115658,13.361262	Palerme	Palermo	Palermo								
Phocide	Phocis Prefecture	Fokida	Q26915	https://www.wikidata.org/wiki/Q26915		38.5,22.25	Phocide	Phocis Prefecture	Fokida								
Irlande	Ireland	Irland	Q27	https://www.wikidata.org/wiki/Q27		53,-8	Irlande	Ireland	Irland								
Varsovie	Warsaw	Warschau	Q270	https://www.wikidata.org/wiki/Q270		52.216666666667,21.033333333333	Varsovie	Warsaw	Warschau								
Asie centrale	Central Asia	Zentralasien	Q27275	https://www.wikidata.org/wiki/Q27275		45.3,63.9	Asie centrale	Central Asia	Zentralasien								
Afrique du Nord	North Africa	Nordafrika	Q27381	https://www.wikidata.org/wiki/Q27381		30.440741666667,9.6817138888889	Afrique du Nord	North Africa	Nordafrika								
Münster	Münster	Münster	Q2742	https://www.wikidata.org/wiki/Q2742		51.9625,7.6255555555556	Münster	Münster	Münster								
Modène	Modena	Modena	Q279	https://www.wikidata.org/wiki/Q279		44.64582,10.92572	Modène	Modena	Modena								
Hongrie	Hungary	Ungarn	Q28	https://www.wikidata.org/wiki/Q28		47,19	Hongrie	Hungary	Ungarn	DEL	exact match						
Madrid	Madrid	Madrid	Q2807	https://www.wikidata.org/wiki/Q2807		40.418888888889,-3.6919444444444	Madrid	Madrid	Madrid								
Tours	Tours	Tours	Q288	https://www.wikidata.org/wiki/Q288		47.392777777778,0.68833333333333	Tours	Tours	Tours								
foire	fair	Jahrmarkt	Q288514	https://www.wikidata.org/wiki/Q288514			foire	fair	Jahrmarkt	DEL	exact match						
Espagne	Spain	Spanien	Q29	https://www.wikidata.org/wiki/Q29		40.2,-3.5	Espagne	Spain	Spanien	BGRF/DEL	exact match						
château de Versailles	Palace of Versailles	Schloss Versailles	Q2946	https://www.wikidata.org/wiki/Q2946		48.804805555556,2.1203333333333	château de Versailles	Palace of Versailles	Schloss Versailles								
Chine	China	China	Q29520	https://www.wikidata.org/wiki/Q29520		35,105	Chine	China	China	DEL	exact match						
États-Unis	United States of America	Vereinigte Staaten	Q30	https://www.wikidata.org/wiki/Q30		39.828175,-98.5795	États-Unis	United States of America	Vereinigte Staaten								
café	coffeehouse	Café	Q30022	https://www.wikidata.org/wiki/Q30022			café	coffeehouse	Café	DEL	exact match						
vestibule	vestibule	Vestibül	Q301276	https://www.wikidata.org/wiki/Q301276			vestibule	vestibule	Vestibül								
domaine de Villarceaux	Domaine of Villarceaux	Domaine de Villarceaux	Q3034560	https://www.wikidata.org/wiki/Q3034560		49.123055555556,1.7058333333333	domaine de Villarceaux	Domaine of Villarceaux	Domaine de Villarceaux								
Pagus de Brabant	Brabant	Brabant	Q3051218	https://www.wikidata.org/wiki/Q3051218		50.75,3.99	Pagus de Brabant	Brabant	Brabant								
Mercure	Mercury	Merkur	Q308	https://www.wikidata.org/wiki/Q308			Mercure	Mercury	Merkur								
Rouen	Rouen	Rouen	Q30974	https://www.wikidata.org/wiki/Q30974		49.443055555556,1.1025	Rouen	Rouen	Rouen								
Vénus	Venus	Venus	Q313	https://www.wikidata.org/wiki/Q313			Vénus	Venus	Venus								
Jupiter	Jupiter	Jupiter	Q319	https://www.wikidata.org/wiki/Q319			Jupiter	Jupiter	Jupiter								
Arabie	Arabian Peninsula	Arabische Halbinsel	Q31945	https://www.wikidata.org/wiki/Q31945		23,46	Arabie	Arabian Peninsula	Arabische Halbinsel								
Üsküdar	Üsküdar	Üsküdar	Q326339	https://www.wikidata.org/wiki/Q326339		41.01666667,29.01666667	Üsküdar	Üsküdar	Üsküdar								
Palais-Royal	Palais-Royal	Palais-Royal	Q329948	https://www.wikidata.org/wiki/Q329948		48.863333333333,2.3369444444444	Palais-Royal	Palais-Royal	Palais-Royal								
musée	museum	Museum	Q33506	https://www.wikidata.org/wiki/Q33506			musée	museum	Museum	DEL	exact match						
paradis	paradise	Paradies	Q3363340	https://www.wikidata.org/wiki/Q3363340			paradis	paradise	Paradies	Seklit	exact match						
Suède	Sweden	Schweden	Q34	https://www.wikidata.org/wiki/Q34		61,15	Suède	Sweden	Schweden	DEL	exact match						
civilisation inca	Inca civilization	Inka	Q3404008	https://www.wikidata.org/wiki/Q3404008			civilisation inca	Inca civilization	Inka								
Sirius	Sirius	Sirius	Q3409	https://www.wikidata.org/wiki/Q3409			Sirius	Sirius	Sirius								
Rotterdam	Rotterdam	Rotterdam	Q34370	https://www.wikidata.org/wiki/Q34370		51.9225,4.47917	Rotterdam	Rotterdam	Rotterdam								
Crète	Crete	Kreta	Q34374	https://www.wikidata.org/wiki/Q34374		35.309722222222,24.893333333333	Crète	Crete	Kreta								
Danemark	Denmark	Dänemark	Q35	https://www.wikidata.org/wiki/Q35		56,1	Danemark	Denmark	Dänemark	DEL	exact match						
Cambridge	Cambridge	Cambridge	Q350	https://www.wikidata.org/wiki/Q350		52.208055555556,0.1225	Cambridge	Cambridge	Cambridge								
Colombo	Colombo	Colombo	Q35381	https://www.wikidata.org/wiki/Q35381		6.9166666666667,79.833333333333	Colombo	Colombo	Colombo								
Niger	Niger River	Niger	Q3542	https://www.wikidata.org/wiki/Q3542		9.0822,-10.7233	Niger	Niger River	Niger								
Alger	Algiers	Algier	Q3561	https://www.wikidata.org/wiki/Q3561		36.776388888889,3.0586111111111	Alger	Algiers	Algier								
Tunis	Tunis	Tunis	Q3572	https://www.wikidata.org/wiki/Q3572		36.800833333333,10.18	Tunis	Tunis	Tunis								
Bourgogne	Burgundy	Burgund	Q357201	https://www.wikidata.org/wiki/Q357201			Bourgogne	Burgundy	Burgund								
Zéphyre	Zéphire		Q3576516	https://www.wikidata.org/wiki/Q3576516			Zéphyre	Zéphire									
Pologne	Poland	Polen	Q36	https://www.wikidata.org/wiki/Q36		52,19	Pologne	Poland	Polen	DEL	exact match						
Cologne	Cologne	Köln	Q365	https://www.wikidata.org/wiki/Q365		50.942222222222,6.9577777777778	Cologne	Cologne	Köln								
La Haye	The Hague	Den Haag	Q36600	https://www.wikidata.org/wiki/Q36600		52.08,4.31	La Haye	The Hague	Den Haag								
Erford							Erford										
Taninges	Taninges	Taninges	Q369188	https://www.wikidata.org/wiki/Q369188		46.1075,6.5913888888889	Taninges	Taninges	Taninges								
Belgrade	Belgrade	Belgrad	Q3711	https://www.wikidata.org/wiki/Q3711		44.816666666667,20.466666666667	Belgrade	Belgrade	Belgrad								
Saint-Firmin	Saint-Firmin	Saint-Firmin	Q37180	https://www.wikidata.org/wiki/Q37180		47.043333333333,3.3916666666667	Saint-Firmin	Saint-Firmin	Saint-Firmin								
Perse	Persis	Persis	Q3746183	https://www.wikidata.org/wiki/Q3746183		30,52	Perse	Persis	Persis								
mer Ionienne	Ionian Sea	Ionisches Meer	Q37495	https://www.wikidata.org/wiki/Q37495		38,19	mer Ionienne	Ionian Sea	Ionisches Meer								
Java	Java	Java	Q3757	https://www.wikidata.org/wiki/Q3757		-7.4916666666667,110.00444444444	Java	Java	Java								
Damas	Damascus	Damaskus	Q3766	https://www.wikidata.org/wiki/Q3766		33.513055555556,36.291944444444	Damas	Damascus	Damaskus								
Besançon	Besançon	Besançon	Q37776	https://www.wikidata.org/wiki/Q37776		47.242222222222,6.0213888888889	Besançon	Besançon	Besançon								
Italie	Italy	Italien	Q38	https://www.wikidata.org/wiki/Q38		42.5,12.5	Italie	Italy	Italien	DEL	exact match						
Gaule	Gaul	Gallien	Q38060	https://www.wikidata.org/wiki/Q38060		46.5,2.9	Gaule	Gaul	Gallien								
Worms	Worms	Worms	Q3852	https://www.wikidata.org/wiki/Q3852		49.631944444444,8.3652777777778	Worms	Worms	Worms								
Morlaquie	Morlachia		Q3863033	https://www.wikidata.org/wiki/Q3863033			Morlaquie	Morlachia									
Prusse	Prussia	Preußen	Q38872	https://www.wikidata.org/wiki/Q38872			Prusse	Prussia	Preußen								
lieu imaginaire	imaginary place	imaginärer Ort	Q3895768		https://www.wikidata.org/wiki/Q3895768		lieu de fiction	fictional location	fiktiver Ort	BGRF	close match						
Suisse	Switzerland	Schweiz	Q39	https://www.wikidata.org/wiki/Q39		46.798562,8.231973	Suisse	Switzerland	Schweiz	DEL; BGRF	exact match						
Bohême	Bohemia	Böhmen	Q39193	https://www.wikidata.org/wiki/Q39193		49.833333333333,14.333333333333	Bohême	Bohemia	Böhmen								
Spa	Spa	Spa	Q39865	https://www.wikidata.org/wiki/Q39865		50.5,5.8666666666667	Spa	Spa	Spa								
Arménie	Armenia	Armenien	Q399	https://www.wikidata.org/wiki/Q399		40.383333,44.95	Arménie	Armenia	Armenien								
Liège	Liège	Lüttich	Q3992	https://www.wikidata.org/wiki/Q3992		50.639722222222225,5.570555555555556	Liège	Liège	Lüttich								
Autriche	Austria	Österreich	Q40	https://www.wikidata.org/wiki/Q40		48,14	Autriche	Austria	Österreich								
Ééa	Aeaea	Aiaia	Q403366	https://www.wikidata.org/wiki/Q403366			Ééa	Aeaea	Aiaia								
prison	prison	Gefängnis	Q40357	https://www.wikidata.org/wiki/Q40357			prison	prison	Gefängnis	BGRF/DEL	exact match						
Lune	Moon	Mond	Q405	https://www.wikidata.org/wiki/Q405			Lune	Moon	Mond	BGRF	exact match						
Nancy	Nancy	Nancy	Q40898	https://www.wikidata.org/wiki/Q40898		48.692777777778,6.1836111111111	Nancy	Nancy	Nancy								
cap de Bonne-Espérance	Cape of Good Hope	Kap der Guten Hoffnung	Q4092	https://www.wikidata.org/wiki/Q4092		-34.358055555556,18.471944444444	cap de Bonne-Espérance	Cape of Good Hope	Kap der Guten Hoffnung								
Grèce	Greece	Griechenland	Q41	https://www.wikidata.org/wiki/Q41		38.5,23	Grèce	Greece	Griechenland	BGRF	exact match						
Alep	Aleppo	Aleppo	Q41183	https://www.wikidata.org/wiki/Q41183		36.2,37.15	Alep	Aleppo	Aleppo								
Caen	Caen	Caen	Q41185	https://www.wikidata.org/wiki/Q41185		49.182222222222,-0.37055555555556	Caen	Caen	Caen								
Amiens	Amiens	Amiens	Q41604	https://www.wikidata.org/wiki/Q41604		49.891944444444,2.2977777777778	Amiens	Amiens	Amiens								
Phénicie	Phoenicia	Phönizien	Q41642	https://www.wikidata.org/wiki/Q41642		34.116667,35.65	Phénicie	Phoenicia	Phönizien								
Thrace	Thrace	Thrakien	Q41741	https://www.wikidata.org/wiki/Q41741		42,26	Thrace	Thrace	Thrakien								
Reims	Reims	Reims	Q41876	https://www.wikidata.org/wiki/Q41876		49.265277777778,4.0286111111111	Reims	Reims	Reims								
Pérou	Peru	Peru	Q419	https://www.wikidata.org/wiki/Q419		-9.4,-76	Pérou	Peru	Peru								
Tahiti	Tahiti	Tahiti	Q42000	https://www.wikidata.org/wiki/Q42000		-17.666666666667,-149.46666666667	Tahiti	Tahiti	Tahiti								
Forêt-Noire	Black Forest	Schwarzwald	Q4204	https://www.wikidata.org/wiki/Q4204		48.3,8.15	Forêt-Noire	Black Forest	Schwarzwald								
Ispahan	Isfahan	Isfahan	Q42053	https://www.wikidata.org/wiki/Q42053		32.644722222222,51.6675	Ispahan	Isfahan	Isfahan								
Turquie	Turkey	Türkei	Q43	https://www.wikidata.org/wiki/Q43		39,36	Turquie	Turkey	Türkei								
Rhodes	Rhodes	Rhodos	Q43048	https://www.wikidata.org/wiki/Q43048		36.166666666667,28	Rhodes	Rhodes	Rhodos								
Cachemire	Kashmir	Kaschmir	Q43100	https://www.wikidata.org/wiki/Q43100		34.5,76	Cachemire	Kashmir	Kaschmir								
monastère	monastery	Kloster	Q44613	https://www.wikidata.org/wiki/Q44613			monastère	monastery	Kloster	BGRF	exact match	couvent					
port	port	Hafen	Q44782	https://www.wikidata.org/wiki/Q44782			port	port	Hafen	DEL	exact match						
Portugal	Portugal	Portugal	Q45	https://www.wikidata.org/wiki/Q45		38.7,-9.1833333333333	Portugal	Portugal	Portugal	DEL	exact match						
Lyon	Lyon	Lyon	Q456	https://www.wikidata.org/wiki/Q456		45.758888888889,4.8413888888889	Lyon	Lyon	Lyon								
Europe	Europe	Europa	Q46	https://www.wikidata.org/wiki/Q46		48.690959,9.14062	Europe	Europe	Europa	BGRF/DEL	exact match						
coche	coach	Kutsche	Q4655519	https://www.wikidata.org/wiki/Q4655519			coche	coach	Kutsche	BGRF	exact match						
Amlach	Amlach	Amlach	Q472564	https://www.wikidata.org/wiki/Q472564		46.813333333333,12.761111111111	Amlach	Amlach	Amlach								
Aix-en-Provence	Aix-en-Provence	Aix-en-Provence	Q47465	https://www.wikidata.org/wiki/Q47465		43.527777777778,5.4455555555556	Aix-en-Provence	Aix-en-Provence	Aix-en-Provence								
Babylone	Babylonia	Babylonien	Q47690	https://www.wikidata.org/wiki/Q47690		32.5,44.5	Babylone	Babylonia	Babylonien								
Asie	Asia	Asien	Q48	https://www.wikidata.org/wiki/Q48		43.681111111111115,87.33111111111111	Asie	Asia	Asien								
Terre sainte	Holy Land	Heiliges Land	Q48175	https://www.wikidata.org/wiki/Q48175		31.778333333333332,35.22972222222222	Terre sainte	Holy Land	Heiliges Land								
Proche-Orient	Near East	Naher Osten	Q48214	https://www.wikidata.org/wiki/Q48214		32.8,35.6	Proche-Orient	Near East	Naher Osten	Seklit.	exact match						
Hyrcanie	Hyrcania	Hyrkanien	Q48726	https://www.wikidata.org/wiki/Q48726		36.967822,55.011854	Hyrcanie	Hyrcania	Hyrkanien								
Amérique du Nord	North America	Nordamerika	Q49	https://www.wikidata.org/wiki/Q49		47,-105	Amérique du Nord	North America	Nordamerika	DEL	exact match						
Milan	Milan	Mailand	Q490	https://www.wikidata.org/wiki/Q490		45.466944444444,9.19	Milan	Milan	Mailand								
mer Méditerranée	Mediterranean Sea	Mittelmeer	Q4918	https://www.wikidata.org/wiki/Q4918		38,17	mer Méditerranée	Mediterranean Sea	Mittelmeer								
Turin	Turin	Turin	Q495	https://www.wikidata.org/wiki/Q495		45.066666666667,7.7	Turin	Turin	Turin								
Noyon	Noyon	Noyon	Q49831	https://www.wikidata.org/wiki/Q49831		49.581111111111,2.9988888888889	Noyon	Noyon	Noyon								
Annecy	Annecy	Annecy	Q50189	https://www.wikidata.org/wiki/Q50189		45.899166666667,6.1294444444444	Annecy	Annecy	Annecy								
Cochinchine	Cochinchina	Cochinchina	Q505503	https://www.wikidata.org/wiki/Q505503			Cochinchine	Cochinchina	Cochinchina								
Gange	Ganges	Ganges	Q5089	https://www.wikidata.org/wiki/Q5089		22.0833,90.8333	Gange	Ganges	Ganges								
Gévaudan	Gévaudan	Gévaudan	Q514081	https://www.wikidata.org/wiki/Q514081		44.7,3.3	Gévaudan	Gévaudan	Gévaudan								
ville	city	Stadt	Q515	https://www.wikidata.org/wiki/Q515			ville	city	Stadt	DEL	exact match						
Soleil	Sun	Sonne	Q525	https://www.wikidata.org/wiki/Q525			Soleil	Sun	Sonne								
Minorque	Menorca	Menorca	Q52636	https://www.wikidata.org/wiki/Q52636		39.966666666667,4.0833333333333	Minorque	Menorca	Menorca								
village	village	Dorf	Q532	https://www.wikidata.org/wiki/Q532			village	village	Dorf	DEL	exact match						
Aiglemont	Aiglemont	Aiglemont	Q541738	https://www.wikidata.org/wiki/Q541738		49.781388888889,4.7658333333333	Aiglemont	Aiglemont	Aiglemont								
système solaire	Solar System	Sonnensystem	Q544	https://www.wikidata.org/wiki/Q544			système solaire	Solar System	Sonnensystem	DEL	exact match						
mer Baltique	Baltic Sea	Ostsee	Q545	https://www.wikidata.org/wiki/Q545		58,2	mer Baltique	Baltic Sea	Ostsee								
Le Cap	Cape Town	Kapstadt	Q5465	https://www.wikidata.org/wiki/Q5465		-33.925,18.425	Le Cap	Cape Town	Kapstadt								
Hollande	Netherlands	Niederlande	Q55	https://www.wikidata.org/wiki/Q55		52.316666666667,5.55	Pays-Bas	Netherlands	Niederlande	DEL	exact match						
enfer	hell	Hölle	Q564	https://www.wikidata.org/wiki/Q564			enfer	hell	Hölle	BGRF	exact match						
Sparte	Sparta	Sparta	Q5690	https://www.wikidata.org/wiki/Q5690		37.081944444444,22.423611111111	Sparte	Sparta	Sparta								
Memphis	Memphis	Memphis	Q5715	https://www.wikidata.org/wiki/Q5715		29.85412,31.25934	Memphis	Memphis	Memphis								
salon littéraire	salon	literarischer Salon	Q576342	https://www.wikidata.org/wiki/Q576342			salon littéraire	salon	literarischer Salon	DEL	exact match						
Îles Canaries	Canary Islands	Kanarische Inseln	Q5813	https://www.wikidata.org/wiki/Q5813		28.536,-15.749	Îles Canaries	Canary Islands	Kanarische Inseln								
Marville	Marville	Marville	Q59176	https://www.wikidata.org/wiki/Q59176		49.452222222222,5.4558333333333	Marville	Marville	Marville								
(1) Cérès	Ceres	(1) Ceres	Q596	https://www.wikidata.org/wiki/Q596			(1) Cérès	Ceres	(1) Ceres								
Lisbonne	Lisbon	Lissabon	Q597	https://www.wikidata.org/wiki/Q597		38.708042,-9.139016	Lisbonne	Lisbon	Lissabon								
Cieux	Cieux	Cieux	Q597576	https://www.wikidata.org/wiki/Q597576		45.991666666667,1.0452777777778	Cieux	Cieux	Cieux								
Courville	Courville	Courville	Q598449	https://www.wikidata.org/wiki/Q598449		49.267777777778,3.6972222222222	Courville	Courville	Courville								
New York	New York City	New York City	Q60	https://www.wikidata.org/wiki/Q60		40.712728,-74.006015	New York	New York City	New York City								
Rhône	Rhône	Rhone	Q602	https://www.wikidata.org/wiki/Q602		46.5742,8.3804	Rhône	Rhône	Rhone								
Padoue	Padua	Padua	Q617	https://www.wikidata.org/wiki/Q617		45.406388888889,11.877777777778	Padoue	Padua	Padua								
Wahlheim	Wahlheim	Wahlheim	Q617386	https://www.wikidata.org/wiki/Q617386		49.717777777778,8.1061111111111	Wahlheim	Wahlheim	Wahlheim								
Lydie	Lydia	Lydien	Q620765	https://www.wikidata.org/wiki/Q620765		40,3	Lydie	Lydia	Lydien								
Versailles	Versailles	Versailles	Q621	https://www.wikidata.org/wiki/Q621		48.804722222222,2.1341666666667	Versailles	Versailles	Versailles								
boudoir	boudoir	Boudoir	Q62238	https://www.wikidata.org/wiki/Q62238			boudoir	boudoir	Boudoir	DEL	exact match						
pays	country	Land	Q6256	https://www.wikidata.org/wiki/Q6256			pays	country	Land								
Germanie	Germania	Germania magna	Q62646	https://www.wikidata.org/wiki/Q62646		50.9,11.1	Germanie	Germania	Germania magna								
Cévennes	Cévennes	Cevennen	Q626655	https://www.wikidata.org/wiki/Q626655		44.42623611,3.73926389	Cévennes	Cévennes	Cevennen								
Bergame	Bergamo	Bergamo	Q628	https://www.wikidata.org/wiki/Q628		45.695,9.67	Bergame	Bergamo	Bergamo								
observatoire	observatory	Observatorium	Q62832	https://www.wikidata.org/wiki/Q62832			observatoire	observatory	Observatorium	DEL	exact match						
Barèges	Barèges	Barèges	Q632058	https://www.wikidata.org/wiki/Q632058		42.896666666667,0.065	Barèges	Barèges	Barèges								
Carthage	Carthage	Karthago	Q6343	https://www.wikidata.org/wiki/Q6343		36.852558,10.323461	Carthage	Carthage	Karthago								
Avignon	Avignon	Avignon	Q6397	https://www.wikidata.org/wiki/Q6397		43.948611111111,4.8083333333333	Avignon	Avignon	Avignon								
Berlin	Berlin	Berlin	Q64	https://www.wikidata.org/wiki/Q64		52.516666666667,13.383333333333	Berlin	Berlin	Berlin								
Venise	Venice	Venedig	Q641	https://www.wikidata.org/wiki/Q641		45.439722222222,12.331944444444	Venise	Venice	Venedig								
Montpellier	Montpellier	Montpellier	Q6441	https://www.wikidata.org/wiki/Q6441		43.610919444444,3.8772305555556	Montpellier	Montpellier	Montpellier								
Calais	Calais	Calais	Q6454	https://www.wikidata.org/wiki/Q6454		50.9475,1.8555555555556	Calais	Calais	Calais								
Éphèse	Ephesus	Ephesos	Q64699469	https://www.wikidata.org/wiki/Q64699469		37.92917,27.35944	Éphèse	Ephesus	Ephesos								
Rennes	Rennes	Rennes	Q647	https://www.wikidata.org/wiki/Q647		48.114166666667,-1.6808333333333	Rennes	Rennes	Rennes								
Lille	Lille	Lille	Q648	https://www.wikidata.org/wiki/Q648		50.631944444444,3.0575	Lille	Lille	Lille								
Nismes	Nismes		Q650676	https://www.wikidata.org/wiki/Q650676		50.0747,4.5483	Nismes	Nismes									
Orléans	Orléans	Orléans	Q6548	https://www.wikidata.org/wiki/Q6548		47.902222222222,1.9041666666667	Orléans	Orléans	Orléans								
Narbonne	Narbonne	Narbonne	Q6555	https://www.wikidata.org/wiki/Q6555		43.184722222222,3.0036111111111	Narbonne	Narbonne	Narbonne								
Saint-Pétersbourg	Saint Petersburg	Sankt Petersburg	Q656	https://www.wikidata.org/wiki/Q656		59.95,30.316666666667	Saint-Pétersbourg	Saint Petersburg	Sankt Petersburg								
Périgueux	Périgueux	Périgueux	Q6588	https://www.wikidata.org/wiki/Q6588		45.184166666667,0.71805555555556	Périgueux	Périgueux	Périgueux								
Strasbourg	Strasbourg	Straßburg	Q6602	https://www.wikidata.org/wiki/Q6602		48.573333333333,7.7522222222222	Strasbourg	Strasbourg	Straßburg								
Poitiers	Poitiers	Poitiers	Q6616	https://www.wikidata.org/wiki/Q6616		46.581111111111,0.33527777777778	Poitiers	Poitiers	Poitiers								
île de fiction	fictional island	fiktive Insel	Q6619693	https://www.wikidata.org/wiki/Q6619693			île de fiction	fictional island	fiktive Insel								
Nouvelle-Zélande	New Zealand	Neuseeland	Q664	https://www.wikidata.org/wiki/Q664		-41.2,174	Nouvelle-Zélande	New Zealand	Neuseeland								
Inde	India	Indien	Q668	https://www.wikidata.org/wiki/Q668		22.8,83	Inde	India	Indien								
Indes occidentales	West Indies	Westindische Inseln	Q669037	https://www.wikidata.org/wiki/Q669037		21.98333333,-79.03333333	Indes occidentales	West Indies	Westindische Inseln								
Michette	Manchet		Q6747596	https://www.wikidata.org/wiki/Q6747596			Michette	Manchet									
est	east	Osten	Q684	https://www.wikidata.org/wiki/Q684			est	east	Osten								
Clèves	Kleve	Kleve	Q6842	https://www.wikidata.org/wiki/Q6842		51.79,6.14	Clèves	Kleve	Kleve								
Altendorf	Altendorf	Altendorf SZ	Q69625	https://www.wikidata.org/wiki/Q69625		47.192222222222,8.83	Altendorf	Altendorf	Altendorf SZ								
Berne	Bern	Bern	Q70	https://www.wikidata.org/wiki/Q70		46.94798,7.44743	Berne	Bern	Bern								
Dijon	Dijon	Dijon	Q7003	https://www.wikidata.org/wiki/Q7003		47.323055555556,5.0419444444444	Dijon	Dijon	Dijon								
Abyssinie	Abyssinia	Abessinien	Q7007824	https://www.wikidata.org/wiki/Q7007824			Abyssinie	Abyssinia	Abessinien								
Genève	Geneva	Genf	Q71	https://www.wikidata.org/wiki/Q71		46.2,6.15	Genève	Geneva	Genf								
Zurich	Zürich	Zürich	Q72	https://www.wikidata.org/wiki/Q72		47.378611111111,8.54	Zurich	Zürich	Zürich								
Moyen-Orient	Middle East	Mittlerer Osten	Q7204	https://www.wikidata.org/wiki/Q7204		28,45	Moyen-Orient	Middle East	Mittlerer Osten								
bassin méditerranéen	Mediterranean Basin	Mittelmeerraum	Q72499	https://www.wikidata.org/wiki/Q72499		35,18	bassin méditerranéen	Mediterranean Basin	Mittelmeerraum								
Amsterdam	Amsterdam	Amsterdam	Q727	https://www.wikidata.org/wiki/Q727		52.383333333333,4.9	Amsterdam	Amsterdam	Amsterdam								
république	republic	Republik	Q7270	https://www.wikidata.org/wiki/Q7270			république	republic	Republik								
État	state	Staat	Q7275	https://www.wikidata.org/wiki/Q7275			État	state	Staat								
Noyers	Noyers	Noyers	Q732586	https://www.wikidata.org/wiki/Q732586		47.696944444444,3.9938888888889	Noyers	Noyers	Noyers								
Paraguay	Paraguay	Paraguay	Q733	https://www.wikidata.org/wiki/Q733		-23.5,-58	Paraguay	Paraguay	Paraguay								
Locus amoenus	Locus amoenus	Locus amoenus	Q739317		https://www.wikidata.org/wiki/Q739317		Locus amoenus	Locus amoenus	Locus amoenus	Topic Modeling	close match						
Estrémadure	Estremadura	Estremadura	Q742117	https://www.wikidata.org/wiki/Q742117		38.708042,-9.139016	Estrémadure	Estremadura	Estremadura								
Delphes	Delphi	Delphi	Q75459	https://www.wikidata.org/wiki/Q75459		38.483333333333,22.5	Delphes	Delphi	Delphi								
Ménerville	Ménerville	Ménerville	Q759587	https://www.wikidata.org/wiki/Q759587		48.966111111111,1.6016666666667	Ménerville	Ménerville	Ménerville								
Jamaïque	Jamaica	Jamaika	Q766	https://www.wikidata.org/wiki/Q766		18.18,-77.4	Jamaïque	Jamaica	Jamaika								
Jersey	Jersey	Jersey	Q785	https://www.wikidata.org/wiki/Q785		49.19,-2.11	Jersey	Jersey	Jersey								
Toulouse	Toulouse	Toulouse	Q7880	https://www.wikidata.org/wiki/Q7880		43.604444444444,1.4438888888889	Toulouse	Toulouse	Toulouse								
Égypte	Egypte	Ägypten	Q79	https://www.wikidata.org/wiki/Q79		27,29	Égypte	Egypte	Ägypten	BGRF	exact match						
Southampton	Southampton	Southampton	Q79848	https://www.wikidata.org/wiki/Q79848		50.906666666666666,-1.4044444444444444	Southampton	Southampton	Southampton								
Bengale	Bengal	Bengalen	Q80338	https://www.wikidata.org/wiki/Q80338		24,88	Bengale	Bengal	Bengalen								
Zamé	Zame		Q8065766	https://www.wikidata.org/wiki/Q8065766		11.083333333333,-0.56666666666667	Zamé	Zame									
Lausanne	Lausanne	Lausanne	Q807	https://www.wikidata.org/wiki/Q807		46.533333333333,6.6333333333333	Lausanne	Lausanne	Lausanne								
Bas-Languedoc		Bas-Languedoc	Q809717	https://www.wikidata.org/wiki/Q809717			Bas-Languedoc		Bas-Languedoc								
Levant	Levant	Levante	Q81483	https://www.wikidata.org/wiki/Q81483		34,36	Levant	Levant	Levante								
Silésie	Silesia	Schlesien	Q81720	https://www.wikidata.org/wiki/Q81720		51.1035,17.0396	Silésie	Silesia	Schlesien								
Tyr	Tyre	Tyros	Q82070	https://www.wikidata.org/wiki/Q82070		33.266666666667,35.2	Tyr	Tyre	Tyros								
Liban	Lebanon	Libanon	Q822	https://www.wikidata.org/wiki/Q822		33.833333,35.766667	Liban	Lebanon	Libanon								
zone géographique	geographic region	Region	Q82794	https://www.wikidata.org/wiki/Q82794			zone géographique	geographic region	Region								
Amérique	Americas	Amerika	Q828	https://www.wikidata.org/wiki/Q828		19,-96	Amérique	Americas	Amerika	BGRF	exact match						
Dormans	Dormans	Dormans	Q833380	https://www.wikidata.org/wiki/Q833380		49.076388888889,3.6394444444444	Dormans	Dormans	Dormans								
Tartarie	Tartary	Tatarei	Q83971	https://www.wikidata.org/wiki/Q83971			Tartarie	Tartary	Tatarei								
Londres	London	London	Q84	https://www.wikidata.org/wiki/Q84		51.507222222222,-0.1275	Londres	London	London								
Scythie	Scythia	Skythien	Q845909	https://www.wikidata.org/wiki/Q845909			Scythie	Scythia	Skythien								
montagne	mountain	Berg	Q8502	https://www.wikidata.org/wiki/Q8502			montagne	mountain	Berg	DEL	exact match						
Périgord	Périgord	Périgord	Q850620	https://www.wikidata.org/wiki/Q850620		45.183333333333,0.71666666666667	Périgord	Périgord	Périgord								
désert	desert	Wüste	Q8514	https://www.wikidata.org/wiki/Q8514			désert	desert	Wüste	BGRF	exact match						
Sri Lanka	Sri Lanka	Sri Lanka	Q854	https://www.wikidata.org/wiki/Q854		7,81	Sri Lanka	Sri Lanka	Sri Lanka								
Syrie	Syria	Syrien	Q858	https://www.wikidata.org/wiki/Q858		35.216667,38.583333	Syrie	Syria	Syrien								
Saint-Domingue	Saint-Domingue	Saint-Domingue	Q861551	https://www.wikidata.org/wiki/Q861551		19.1,-72.333333333333	Saint-Domingue	Saint-Domingue	Saint-Domingue								
Bungo	Bungo Province	Provinz Bungo	Q864148	https://www.wikidata.org/wiki/Q864148		33.17972222,131.38611111	Bungo	Bungo Province	Provinz Bungo								
Alexandrie	Alexandria	Alexandria	Q87	https://www.wikidata.org/wiki/Q87		31.2,29.916666666667	Alexandrie	Alexandria	Alexandria								
Grenade	Granada	Granada	Q8810	https://www.wikidata.org/wiki/Q8810		37.178055555556,-3.6008333333333	Grenade	Granada	Granada								
Valence	Valencia	Valencia	Q8818	https://www.wikidata.org/wiki/Q8818		39.47,-0.3763888888888889	Valence	Valencia	Valencia								
Malaga	Málaga	Málaga	Q8851	https://www.wikidata.org/wiki/Q8851		36.716666666667,-4.4166666666667	Malaga	Málaga	Málaga								
Paris	Paris	Paris	Q90	https://www.wikidata.org/wiki/Q90		48.856944444444,2.3513888888889	Paris	Paris	Paris								
Angola	Angola	Angola	Q916	https://www.wikidata.org/wiki/Q916		-12.35,17.35	Angola	Angola	Angola								
Tunisie	Tunisia	Tunesien	Q948	https://www.wikidata.org/wiki/Q948		34,1	Tunisie	Tunisia	Tunesien								
Poitou	Poitou	Poitou	Q954076	https://www.wikidata.org/wiki/Q954076		46.64861111,-0.24777778	Poitou	Poitou	Poitou								
Pékin	Beijing	Peking	Q956	https://www.wikidata.org/wiki/Q956		39.90403,116.407526	Pékin	Beijing	Peking								
Mexique	Mexico	Mexiko	Q96	https://www.wikidata.org/wiki/Q96		23,-102	Mexique	Mexico	Mexiko								
île de Wight	Isle of Wight	Isle of Wight	Q9679	https://www.wikidata.org/wiki/Q9679		50.666666666667,-1.2666666666667	île de Wight	Isle of Wight	Isle of Wight								
Bavière	Bavaria	Bayern	Q980	https://www.wikidata.org/wiki/Q980		48.7775,11.431111111111	Bavière	Bavaria	Bayern								
Perse antique	ancient Persia		Q99545681	https://www.wikidata.org/wiki/Q99545681			Perse antique	ancient Persia									
Versenai	Versenai	Versenai					Versenai	Versenai	Versenai	NER							
Albi	Albi	Albi					Albi	Albi	Albi	NER							
Alcine	Alcine	Alcine					Alcine	Alcine	Alcine	NER							
Alibre	Alibre	Alibre					Alibre	Alibre	Alibre	NER							
Almont	Almont	Almont					Almont	Almont	Almont	NER							
Amand	Amand	Amand					Amand	Amand	Amand	NER							
Amazan	Amazan	Amazan					Amazan	Amazan	Amazan	NER							
Arcis	Arcis	Arcis					Arcis	Arcis	Arcis	NER							
Armincourt	Armincourt	Armincourt					Armincourt	Armincourt	Armincourt	NER							
Barin	Barin	Barin					Barin	Barin	Barin	NER							
Baronnet	Baronnet	Baronnet					Baronnet	Baronnet	Baronnet	NER							
Beaumenard	Beaumenard	Beaumenard					Beaumenard	Beaumenard	Beaumenard	NER							
Belcour	Belcour	Belcour					Belcour	Belcour	Belcour	NER							
Belise	Belise	Belise					Belise	Belise	Belise	NER							
Bougainville	Bougainville	Bougainville					Bougainville	Bougainville	Bougainville	NER							
Branlinos	Branlinos	Branlinos					Branlinos	Branlinos	Branlinos	NER							
Briceval	Briceval	Briceval					Briceval	Briceval	Briceval	NER							
Bude	Bude	Bude					Bude	Bude	Bude	NER							
Cardoville	Cardoville	Cardoville					Cardoville	Cardoville	Cardoville	NER							
Chelles	Chelles	Chelles					Chelles	Chelles	Chelles	NER							
Cidalise	Cidalise	Cidalise					Cidalise	Cidalise	Cidalise	NER							
Clarens	Clarens	Clarens					Clarens	Clarens	Clarens	NER							
Combe	Combe	Combe					Combe	Combe	Combe	NER							
Comminges	Comminges	Comminges					Comminges	Comminges	Comminges	NER							
Cressy	Cressy	Cressy					Cressy	Cressy	Cressy	NER							
Dainville	Dainville	Dainville					Dainville	Dainville	Dainville	NER							
Déterville	Déterville	Déterville					Déterville	Déterville	Déterville	NER							
Diaulas	Diaulas	Diaulas					Diaulas	Diaulas	Diaulas	NER							
Dinazarde	Dinazarde	Dinazarde					Dinazarde	Dinazarde	Dinazarde	NER							
Dolimon	Dolimon	Dolimon					Dolimon	Dolimon	Dolimon	NER							
Dorneuil	Dorneuil	Dorneuil					Dorneuil	Dorneuil	Dorneuil	NER							
Dorville	Dorville	Dorville					Dorville	Dorville	Dorville	NER							
Elmasie	Elmasie	Elmasie					Elmasie	Elmasie	Elmasie	NER							
Eranville	Eranville	Eranville					Eranville	Eranville	Eranville	NER							
Fakreddin	Fakreddin	Fakreddin					Fakreddin	Fakreddin	Fakreddin	NER							
Fanchette	Fanchette	Fanchette					Fanchette	Fanchette	Fanchette	NER							
Fermon	Fermon	Fermon					Fermon	Fermon	Fermon	NER							
Fessinot	Fessinot	Fessinot					Fessinot	Fessinot	Fessinot	NER							
Flamacour	Flamacour	Flamacour					Flamacour	Flamacour	Flamacour	NER							
Florimonde	Florimonde	Florimonde					Florimonde	Florimonde	Florimonde	NER							
Florise	Florise	Florise					Florise	Florise	Florise	NER							
Fromonville	Fromonville	Fromonville					Fromonville	Fromonville	Fromonville	NER							
Gaine	Gaine	Gaine					Gaine	Gaine	Gaine	NER							
Galligènes	Galligènes	Galligènes					Galligènes	Galligènes	Galligènes	NER							
Géminyile	Géminyile	Géminyile					Géminyile	Géminyile	Géminyile	NER							
Gersay	Gersay	Gersay					Gersay	Gersay	Gersay	NER							
Guaé	Guaé	Guaé					Guaé	Guaé	Guaé	NER							
Guaiziek	Guaiziek	Guaiziek					Guaiziek	Guaiziek	Guaiziek	NER							
Gulchenrouz	Gulchenrouz	Gulchenrouz					Gulchenrouz	Gulchenrouz	Gulchenrouz	NER							
Hariote	Hariote	Hariote					Hariote	Hariote	Hariote	NER							
Hiboumanes	Hiboumanes	Hiboumanes					Hiboumanes	Hiboumanes	Hiboumanes	NER							
Inare	Inare	Inare					Inare	Inare	Inare	NER							
Isle	Isle	Isle					Isle	Isle	Isle	NER							
Isles	Isles	Isles					Isles	Isles	Isles	NER							
Isménie	Isménie	Isménie					Isménie	Isménie	Isménie	NER							
Jagrenat	Jagrenat	Jagrenat					Jagrenat	Jagrenat	Jagrenat	NER							
Lacédémone	Lacédémone	Lacédémone					Lacédémone	Lacédémone	Lacédémone	NER							
Lagaraye	Lagaraye	Lagaraye					Lagaraye	Lagaraye	Lagaraye	NER							
Lagouache	Lagouache	Lagouache					Lagouache	Lagouache	Lagouache	NER							
Layrac	Layrac	Layrac					Layrac	Layrac	Layrac	NER							
le Taïtien	le Taïtien	le Taïtien					le Taïtien	le Taïtien	le Taïtien	NER							
Lesseville	Lesseville	Lesseville					Lesseville	Lesseville	Lesseville	NER							
Locriens	Locriens	Locriens					Locriens	Locriens	Locriens	NER							
Longchamp	Longchamp	Longchamp					Longchamp	Longchamp	Longchamp	NER							
Manzaïde	Manzaïde	Manzaïde					Manzaïde	Manzaïde	Manzaïde	NER							
Massanne	Massanne	Massanne					Massanne	Massanne	Massanne	NER							
Ménécrate	Ménécrate	Ménécrate					Ménécrate	Ménécrate	Ménécrate	NER							
Méris	Méris	Méris					Méris	Méris	Méris	NER							
Merval	Merval	Merval					Merval	Merval	Merval	NER							
Milcourt	Milcourt	Milcourt					Milcourt	Milcourt	Milcourt	NER							
Minois	Minois	Minois					Minois	Minois	Minois	NER							
Mirval	Mirval	Mirval					Mirval	Mirval	Mirval	NER							
Mœris	Mœris	Mœris					Mœris	Mœris	Mœris	NER							
Molinos	Molinos	Molinos					Molinos	Molinos	Molinos	NER							
Montfort	Montfort	Montfort					Montfort	Montfort	Montfort	NER							
Morakanabad	Morakanabad	Morakanabad					Morakanabad	Morakanabad	Morakanabad	NER							
Murcé	Murcé	Murcé					Murcé	Murcé	Murcé	NER							
Nasuf	Nasuf	Nasuf					Nasuf	Nasuf	Nasuf	NER							
Nitri	Nitri	Nitri					Nitri	Nitri	Nitri	NER							
Olympia	Olympia	Olympia					Olympia	Olympia	Olympia	NER							
Orbe	Orbe	Orbe					Orbe	Orbe	Orbe	NER							
Orl	Orl	Orl					Orl	Orl	Orl	NER							
Ormilly	Ormilly	Ormilly					Ormilly	Ormilly	Ormilly	NER							
Orseuil	Orseuil	Orseuil					Orseuil	Orseuil	Orseuil	NER							
Paquantois	Paquantois	Paquantois					Paquantois	Paquantois	Paquantois	NER							
Parangon	Parangon	Parangon					Parangon	Parangon	Parangon	NER							
Phocus	Phocus	Phocus					Phocus	Phocus	Phocus	NER							
Primrose	Primrose	Primrose					Primrose	Primrose	Primrose	NER							
Rosemont	Rosemont	Rosemont					Rosemont	Rosemont	Rosemont	NER							
Saint-Ange	Saint-Ange	Saint-Ange					Saint-Ange	Saint-Ange	Saint-Ange	NER							
Saint-Flour	Saint-Flour	Saint-Flour					Saint-Flour	Saint-Flour	Saint-Flour	NER							
Saintré	Saintré	Saintré					Saintré	Saintré	Saintré	NER							
Sancerre	Sancerre	Sancerre					Sancerre	Sancerre	Sancerre	NER							
Sargines	Sargines	Sargines					Sargines	Sargines	Sargines	NER							
sauvai	sauvai	sauvai					sauvai	sauvai	sauvai	NER							
Senneterre	Senneterre	Senneterre					Senneterre	Senneterre	Senneterre	NER							
Senneville	Senneville	Senneville					Senneville	Senneville	Senneville	NER							
Sidley	Sidley	Sidley					Sidley	Sidley	Sidley	NER							
Sinderson	Sinderson	Sinderson					Sinderson	Sinderson	Sinderson	NER							
Sylvanire	Sylvanire	Sylvanire					Sylvanire	Sylvanire	Sylvanire	NER							
Syndham	Syndham	Syndham					Syndham	Syndham	Syndham	NER							
Téolinde	Téolinde	Téolinde					Téolinde	Téolinde	Téolinde	NER							
Tergowitz	Tergowitz	Tergowitz					Tergowitz	Tergowitz	Tergowitz	NER							
Thémines	Thémines	Thémines					Thémines	Thémines	Thémines	NER							
Thomill	Thomill	Thomill					Thomill	Thomill	Thomill	NER							
Thrazylle	Thrazylle	Thrazylle					Thrazylle	Thrazylle	Thrazylle	NER							
Tien	Tien	Tien					Tien	Tien	Tien	NER							
Tiennete	Tiennete	Tiennete					Tiennete	Tiennete	Tiennete	NER							
Timante	Timante	Timante					Timante	Timante	Timante	NER							
Timori	Timori	Timori					Timori	Timori	Timori	NER							
Tout-Ou-Rien	Tout-Ou-Rien	Tout-Ou-Rien					Tout-Ou-Rien	Tout-Ou-Rien	Tout-Ou-Rien	NER							
Ust	Ust	Ust					Ust	Ust	Ust	NER							
Valcreux	Valcreux	Valcreux					Valcreux	Valcreux	Valcreux	NER							
Vante	Vante	Vante					Vante	Vante	Vante	NER							
Vinchester	Vinchester	Vinchester					Vinchester	Vinchester	Vinchester	NER							
Vitikind	Vitikind	Vitikind					Vitikind	Vitikind	Vitikind	NER							
Volsange	Volsange	Volsange					Volsange	Volsange	Volsange	NER							
Wilton	Wilton	Wilton					Wilton	Wilton	Wilton	NER							
Zeinzemin	Zeinzemin	Zeinzemin					Zeinzemin	Zeinzemin	Zeinzemin	NER							
Zerbin	Zerbin	Zerbin					Zerbin	Zerbin	Zerbin	NER							
Alménidore	Alménidore	Alménidore					Alménidore	Alménidore	Alménidore	NER							
Ardasire	Ardasire	Ardasire					Ardasire	Ardasire	Ardasire	NER							
Armoflède	Armoflède	Armoflède					Armoflède	Armoflède	Armoflède	NER							
Artidore	Artidore	Artidore					Artidore	Artidore	Artidore	NER							
Auterive	Auterive	Auterive					Auterive	Auterive	Auterive	NER							
Axiochus	Axiochus	Axiochus					Axiochus	Axiochus	Axiochus	NER							
Barville	Barville	Barville					Barville	Barville	Barville	NER							
Bazilette	Bazilette	Bazilette					Bazilette	Bazilette	Bazilette	NER							
Belosane	Belosane	Belosane					Belosane	Belosane	Belosane	NER							
Célimene	Célimene	Célimene					Célimene	Célimene	Célimene	NER							
Desglands	Desglands	Desglands					Desglands	Desglands	Desglands	NER							
Dubois	Dubois	Dubois					Dubois	Dubois	Dubois	NER							
Euphrosie	Euphrosie	Euphrosie					Euphrosie	Euphrosie	Euphrosie	NER							
Fleur-De-Myrte	Fleur-De-Myrte	Fleur-De-Myrte					Fleur-De-Myrte	Fleur-De-Myrte	Fleur-De-Myrte	NER							
Florizene	Florizene	Florizene					Florizene	Florizene	Florizene	NER							
Franval	Franval	Franval					Franval	Franval	Franval	NER							
Frivolipolis	Frivolipolis	Frivolipolis					Frivolipolis	Frivolipolis	Frivolipolis	NER							
Golconde	Golconde	Golconde					Golconde	Golconde	Golconde	NER							
Jezennemours	Jezennemours	Jezennemours					Jezennemours	Jezennemours	Jezennemours	NER							
Kermouth	Kermouth	Kermouth					Kermouth	Kermouth	Kermouth	NER							
Lamontette	Lamontette	Lamontette					Lamontette	Lamontette	Lamontette	NER							
Luzan	Luzan	Luzan					Luzan	Luzan	Luzan	NER							
Mondelis	Mondelis	Mondelis					Mondelis	Mondelis	Mondelis	NER							
Mortagne	Mortagne	Mortagne					Mortagne	Mortagne	Mortagne	NER							
Nassès	Nassès	Nassès					Nassès	Nassès	Nassès	NER							
Némorin	Némorin	Némorin					Némorin	Némorin	Némorin	NER							
Nouronihar	Nouronihar	Nouronihar					Nouronihar	Nouronihar	Nouronihar	NER							
Paquans	Paquans	Paquans					Paquans	Paquans	Paquans	NER							
Periphas	Periphas	Periphas					Periphas	Periphas	Periphas	NER							
Pizarre	Pizarre	Pizarre					Pizarre	Pizarre	Pizarre	NER							
Saint-Flour	Saint-Flour	Saint-Flour					Saint-Flour	Saint-Flour	Saint-Flour	NER							
Saint-Silvain	Saint-Silvain	Saint-Silvain					Saint-Silvain	Saint-Silvain	Saint-Silvain	NER							
Schah-Baham	Schah-Baham	Schah-Baham					Schah-Baham	Schah-Baham	Schah-Baham	NER							
S-Firmin	S-Firmin	S-Firmin					S-Firmin	S-Firmin	S-Firmin	NER							
Sydney	Sydney	Sydney					Sydney	Sydney	Sydney	NER							
Trénel	Trénel	Trénel					Trénel	Trénel	Trénel	NER							
Verglan	Verglan	Verglan					Verglan	Verglan	Verglan	NER							
Vernol	Vernol	Vernol					Vernol	Vernol	Vernol	NER							
Hambourg	Hamburg	Hamburg	Q1055	https://www.wikidata.org/wiki/Q1055		53.55,10	Hambourg	Hamburg	Hamburg	BGRF							
Saint-Geoirs	Saint-Geoirs	Saint-Geoirs	Q1067799	https://www.wikidata.org/wiki/Q1067799		45.322222222222,5.3547222222222	Saint-Geoirs	Saint-Geoirs	Saint-Geoirs	BGRF							
Lampedusa	Lampedusa	Lampedusa	Q107338	https://www.wikidata.org/wiki/Q107338		35.516666666667,12.583333333333	Lampedusa	Lampedusa	Lampedusa	BGRF							
La Barde	La Barde	La Barde	Q1081469	https://www.wikidata.org/wiki/Q1081469		45.123333333333,-0.04	La Barde	La Barde	La Barde	BGRF							
Châtelain	Châtelain	Châtelain	Q1163694	https://www.wikidata.org/wiki/Q1163694		47.808333333333,-0.59555555555556	Châtelain	Châtelain	Châtelain	BGRF							
Isle de France, Île de France	Isle de France (Mauritius)	Isle de France	Q12060804	https://www.wikidata.org/wiki/Q12060804		-20.2,57.5	Isle de France, Île de France	Isle de France (Mauritius)	Isle de France	BGRF							
Lampsaque	Lampsacus	Lampsakos	Q1229422	https://www.wikidata.org/wiki/Q1229422		40.343889,26.683611	Lampsaque	Lampsacus	Lampsakos	BGRF							
Vaucluse	Vaucluse	Département Vaucluse	Q12792	https://www.wikidata.org/wiki/Q12792		44,5.1666666666667	Vaucluse	Vaucluse	Département Vaucluse	BGRF							
Terres australes et antarctiques françaises	French Southern and Antarctic Lands	Französische Süd- und Antarktisgebiete	Q129003	https://www.wikidata.org/wiki/Q129003		-43,67	Terres australes et antarctiques françaises	French Southern and Antarctic Lands	Französische Süd- und Antarktisgebiete	BGRF							
Chennai	Chennai	Chennai	Q1352	https://www.wikidata.org/wiki/Q1352		13.0825,80.275	Chennai	Chennai	Chennai	BGRF							
Messine	Messina	Messina	Q13666	https://www.wikidata.org/wiki/Q13666		38.19361111111111,15.554166666666667	Messine	Messina	Messina	BGRF							
Le Mans	Le Mans	Le Mans	Q1476	https://www.wikidata.org/wiki/Q1476		48.004166666667,0.19694444444444	Le Mans	Le Mans	Le Mans	BGRF							
Brésil	Brazil	Brasilien	Q155	https://www.wikidata.org/wiki/Q155		-14,-53	Brésil	Brazil	Brasilien	BGRF							
Kehl	Kehl	Kehl	Q15979	https://www.wikidata.org/wiki/Q15979		48.571111111111,7.8088888888889	Kehl	Kehl	Kehl	BGRF							
Deux-Ponts	Zweibrücken	Zweibrücken	Q16017	https://www.wikidata.org/wiki/Q16017		49.249444444444,7.3608333333333	Deux-Ponts	Zweibrücken	Zweibrücken	BGRF							
Arcadie	Arcadia Prefecture	Arkadien	Q170054	https://www.wikidata.org/wiki/Q170054		37.508333,22.375	Arcadie	Arcadia Prefecture	Arkadien	BGRF							
Dresde	Dresden	Dresden	Q1731	https://www.wikidata.org/wiki/Q1731		51.05,13.74	Dresde	Dresden	Dresden	BGRF							
Magdebourg	Magdeburg	Magdeburg	Q1733	https://www.wikidata.org/wiki/Q1733		52.13166666666667,11.639166666666666	Magdebourg	Magdeburg	Magdeburg	BGRF							
Kilwa Kisiwani	Kilwa Kisiwani	Kilwa Kisiwani	Q1741475	https://www.wikidata.org/wiki/Q1741475		-8.98173,39.51722	Kilwa Kisiwani	Kilwa Kisiwani	Kilwa Kisiwani	BGRF							
São Paulo	São Paulo	São Paulo	Q175	https://www.wikidata.org/wiki/Q175		-21.829722222222,-49.2075	São Paulo	São Paulo	São Paulo	BGRF							
Le Bouillon	Le Bouillon	Le Bouillon	Q181397	https://www.wikidata.org/wiki/Q181397		48.561666666667,0.10333333333333	Le Bouillon	Le Bouillon	Le Bouillon	BGRF							
Sedan	Sedan	Sedan	Q184371	https://www.wikidata.org/wiki/Q184371		49.701944444444,4.9402777777778	Sedan	Sedan	Sedan	BGRF							
Piemonte	Piemonte		Q18493435	https://www.wikidata.org/wiki/Q18493435		42.77405,12.54897	Piemonte	Piemonte		BGRF							
Autun	Autun	Autun	Q190827	https://www.wikidata.org/wiki/Q190827		46.951111111111,4.2986111111111	Autun	Autun	Autun	BGRF							
Le Buisson	Le Buisson	Le Buisson	Q192901	https://www.wikidata.org/wiki/Q192901		44.6275,3.235	Le Buisson	Le Buisson	Le Buisson	BGRF							
Malte	Malta	Malta	Q193896	https://www.wikidata.org/wiki/Q193896		35.883333333333,14.45	Malte	Malta	Malta	BGRF							
Pinde	Pindus	Pindos	Q201582	https://www.wikidata.org/wiki/Q201582		40,20.75	Pinde	Pindus	Pindos	BGRF							
	Samarah		Q20306962	https://www.wikidata.org/wiki/Q20306962		16.938611111111,43.762777777778		Samarah		BGRF							
Lons-le-Saunier	Lons-le-Saunier	Lons-le-Saunier	Q203529	https://www.wikidata.org/wiki/Q203529		46.674444444444,5.5538888888889	Lons-le-Saunier	Lons-le-Saunier	Lons-le-Saunier	BGRF							
Meaux	Meaux	Meaux	Q207620	https://www.wikidata.org/wiki/Q207620		48.959444444444,2.8877777777778	Meaux	Meaux	Meaux	BGRF							
Saint-Omer	Saint-Omer	Saint-Omer	Q208793	https://www.wikidata.org/wiki/Q208793		50.748333333333,2.2608333333333	Saint-Omer	Saint-Omer	Saint-Omer	BGRF							
Lunéville	Lunéville	Lunéville	Q208794	https://www.wikidata.org/wiki/Q208794		48.589444444444,6.5016666666667	Lunéville	Lunéville	Lunéville	BGRF							
Ermoúpoli	Ermoupolis	Ermoupoli	Q210087	https://www.wikidata.org/wiki/Q210087		37.433333333333,24.916666666667	Ermoúpoli	Ermoupolis	Ermoupoli	BGRF							
Québec	Quebec City	Québec	Q2145	https://www.wikidata.org/wiki/Q2145		46.816111,-71.224167	Québec	Quebec City	Québec	BGRF							
Pithiviers	Pithiviers	Pithiviers	Q217159	https://www.wikidata.org/wiki/Q217159		48.171944444444,2.2519444444444	Pithiviers	Pithiviers	Pithiviers	BGRF							
Sybaris	Sybaris	Sybaris	Q220583	https://www.wikidata.org/wiki/Q220583		39.716666666667,16.493888888889	Sybaris	Sybaris	Sybaris	BGRF							
Metz	Metz	Metz	Q22690	https://www.wikidata.org/wiki/Q22690		49.119722222222,6.1769444444444	Metz	Metz	Metz	BGRF							
Édimbourg	Edinburgh	Edinburgh	Q23436	https://www.wikidata.org/wiki/Q23436		55.95,-3.1988888888889	Édimbourg	Edinburgh	Edinburgh	BGRF							
Indes	Indies		Q26219948	https://www.wikidata.org/wiki/Q26219948			Indes	Indies		BGRF							
Parme	Parma	Parma	Q2683	https://www.wikidata.org/wiki/Q2683		44.801472222222,10.328	Parme	Parma	Parma	BGRF							
Augsbourg	Augsburg	Augsburg	Q2749	https://www.wikidata.org/wiki/Q2749		48.371666666667,10.898333333333	Augsbourg	Augsburg	Augsburg	BGRF							
Brunswick	Brunswick	Braunschweig	Q2773	https://www.wikidata.org/wiki/Q2773		52.269166666667,10.521111111111	Brunswick	Brunswick	Braunschweig	BGRF							
Abbeville	Abbeville	Abbeville	Q28520	https://www.wikidata.org/wiki/Q28520		50.105277777778,1.8352777777778	Abbeville	Abbeville	Abbeville	BGRF							
Rostock	Rostock	Rostock	Q2861	https://www.wikidata.org/wiki/Q2861		54.083333333333,12.133333333333	Rostock	Rostock	Rostock	BGRF							
Cassel	Kassel	Kassel	Q2865	https://www.wikidata.org/wiki/Q2865		51.315777777778,9.4979166666667	Cassel	Kassel	Kassel	BGRF							
Bagatelle	Toulouse Bagatelle		Q2878990	https://www.wikidata.org/wiki/Q2878990		43.5826,1.411	Bagatelle	Toulouse Bagatelle		BGRF							
Canterbury	Canterbury	Canterbury	Q29303	https://www.wikidata.org/wiki/Q29303		51.278333333333,1.0775	Canterbury	Canterbury	Canterbury	BGRF							
Ulm	Ulm	Ulm	Q3012	https://www.wikidata.org/wiki/Q3012		48.39841,9.99155	Ulm	Ulm	Ulm	BGRF							
Albert	Albert	Albert	Q30940	https://www.wikidata.org/wiki/Q30940		50.001944444444,2.6522222222222	Albert	Albert	Albert	BGRF							
Coblence	Koblenz	Koblenz	Q3104	https://www.wikidata.org/wiki/Q3104		50.359722222222,7.5977777777778	Coblence	Koblenz	Koblenz	BGRF							
Erlangen	Erlangen	Erlangen	Q3126	https://www.wikidata.org/wiki/Q3126		49.596388888889,11.004444444444	Erlangen	Erlangen	Erlangen	BGRF							
Trèves	Trier	Trier	Q3138	https://www.wikidata.org/wiki/Q3138		49.756666666667,6.6413888888889	Trèves	Trier	Trier	BGRF							
La Grenouillère	La Grenouillère		Q3209598	https://www.wikidata.org/wiki/Q3209598			La Grenouillère	La Grenouillère		BGRF							
Phrygie	Phrygia	Phrygien	Q32579	https://www.wikidata.org/wiki/Q32579		39,31	Phrygie	Phrygia	Phrygien	BGRF							
Whiteland	Whiteland	Whiteland	Q3296022	https://www.wikidata.org/wiki/Q3296022		39.55005,-86.07971	Whiteland	Whiteland	Whiteland	BGRF							
rue des Poitevins	rue des Poitevins		Q3451975	https://www.wikidata.org/wiki/Q3451975		48.8525,2.3426	rue des Poitevins	rue des Poitevins		BGRF							
Bragance	Bragança	Distrikt Bragança	Q373528	https://www.wikidata.org/wiki/Q373528		41.8072,-6.75917	Bragance	Bragança	Distrikt Bragança	BGRF							
Neuwied	Neuwied	Neuwied	Q3967	https://www.wikidata.org/wiki/Q3967		50.428611111111,7.4613888888889	Neuwied	Neuwied	Neuwied	BGRF							
Wesel	Wesel	Wesel	Q4011	https://www.wikidata.org/wiki/Q4011		51.658611111111,6.6177777777778	Wesel	Wesel	Wesel	BGRF							
Istanbul	Istanbul	Istanbul	Q406	https://www.wikidata.org/wiki/Q406		41.01,28.960277777778	Istanbul	Istanbul	Istanbul	BGRF							
Neuilly	Neuilly	Neuilly	Q41744	https://www.wikidata.org/wiki/Q41744		47.239722222222,3.5027777777778	Neuilly	Neuilly	Neuilly	BGRF							
Wetzlar	Wetzlar	Wetzlar	Q4178	https://www.wikidata.org/wiki/Q4178		50.56666666666667,8.5	Wetzlar	Wetzlar	Wetzlar	BGRF							
York	York	York	Q42462	https://www.wikidata.org/wiki/Q42462		53.95,-1.0833333333333	York	York	York	BGRF							
Leyde	Leiden	Leiden	Q43631	https://www.wikidata.org/wiki/Q43631		52.154444444444,4.4947222222222	Leyde	Leiden	Leiden	BGRF							
Dunkerque	Dunkirk	Dunkerque	Q45797	https://www.wikidata.org/wiki/Q45797		51.037777777778,2.3763888888889	Dunkerque	Dunkirk	Dunkerque	BGRF							
Surate	Surat	Surat	Q4629	https://www.wikidata.org/wiki/Q4629		21.17,72.83	Surate	Surat	Surat	BGRF							
Mortagne-au-Perche	Mortagne-au-Perche	Mortagne-au-Perche	Q476288	https://www.wikidata.org/wiki/Q476288		48.520277777778,0.54722222222222	Mortagne-au-Perche	Mortagne-au-Perche	Mortagne-au-Perche	BGRF							
Bassorah	Basra	Basra	Q48195	https://www.wikidata.org/wiki/Q48195		30.488888888889,47.81	Bassorah	Basra	Basra	BGRF							
			Q49333057	https://www.wikidata.org/wiki/Q49333057		13.557222222222,14.801388888889				BGRF							
Balsorano	Balsorano	Balsorano	Q49878	https://www.wikidata.org/wiki/Q49878		41.80982,13.5598	Balsorano	Balsorano	Balsorano	BGRF							
Troyes	Troyes	Troyes	Q5489	https://www.wikidata.org/wiki/Q5489		48.298888888889,4.0780555555556	Troyes	Troyes	Troyes	BGRF							
avenue des Champs-Élysées	avenue des Champs-Élysées	Avenue des Champs-Élysées	Q550	https://www.wikidata.org/wiki/Q550		48.86967,2.30786	avenue des Champs-Élysées	avenue des Champs-Élysées	Avenue des Champs-Élysées	BGRF							
La Mecque	Mecca	Mekka	Q5806	https://www.wikidata.org/wiki/Q5806		21.4225,39.826111111111	La Mecque	Mecca	Mekka	BGRF							
Yverdon-les-Bains	Yverdon-les-Bains	Yverdon-les-Bains	Q63946	https://www.wikidata.org/wiki/Q63946		46.7785,6.6408333333333	Yverdon-les-Bains	Yverdon-les-Bains	Yverdon-les-Bains	BGRF							
Reich	Reich	Reich	Q645256	https://www.wikidata.org/wiki/Q645256		50.004722222222,7.4327777777778	Reich	Reich	Reich	BGRF							
Moscou	Moscow	Moskau	Q649	https://www.wikidata.org/wiki/Q649		55.755833333333,37.617777777778	Moscou	Moscow	Moskau	BGRF							
Livourne	Livorno	Livorno	Q6761	https://www.wikidata.org/wiki/Q6761		43.55,10.316666666667	Livourne	Livorno	Livorno	BGRF							
Dampierre	Dampierre	Dampierre	Q688786	https://www.wikidata.org/wiki/Q688786		48.550833333333,4.3677777777778	Dampierre	Dampierre	Dampierre	BGRF							
Neuchâtel	Neuchâtel	Neuenburg	Q69345	https://www.wikidata.org/wiki/Q69345		46.990277777778,6.9305555555556	Neuchâtel	Neuchâtel	Neuenburg	BGRF							
Gotha	Gotha	Gotha	Q6986	https://www.wikidata.org/wiki/Q6986		50.948888888889,10.718333333333	Gotha	Gotha	Gotha	BGRF							
Rochefort	Rochefort	Rochefort	Q70219	https://www.wikidata.org/wiki/Q70219		46.983333333333,6.8166666666667	Rochefort	Rochefort	Rochefort	BGRF							
Wimbledon	Wimbledon	Wimbledon	Q736742	https://www.wikidata.org/wiki/Q736742		51.4235,-0.2171	Wimbledon	Wimbledon	Wimbledon	BGRF							
Saint-Amour	Saint-Amour	Saint-Amour	Q750425	https://www.wikidata.org/wiki/Q750425		46.435555555556,5.3430555555556	Saint-Amour	Saint-Amour	Saint-Amour	BGRF							
La Bauche	La Bauche	La Bauche	Q764688	https://www.wikidata.org/wiki/Q764688		45.4825,5.765	La Bauche	La Bauche	La Bauche	BGRF							
Bâle	Basel	Basel	Q78	https://www.wikidata.org/wiki/Q78		47.560555555556,7.5905555555556	Bâle	Basel	Basel	BGRF							
Dominique	Dominica	Dominica	Q784	https://www.wikidata.org/wiki/Q784		15.416667,-61.333333	Dominique	Dominica	Dominica	BGRF							
Utrecht	Utrecht	Utrecht	Q803	https://www.wikidata.org/wiki/Q803		52.088888888889,5.1155555555556	Utrecht	Utrecht	Utrecht	BGRF							
Le Caire	Cairo	Kairo	Q85	https://www.wikidata.org/wiki/Q85		30.056111111111,31.239444444444	Le Caire	Cairo	Kairo	BGRF							
royaume de Butua	Kingdom of Butua		Q986881	https://www.wikidata.org/wiki/Q986881			royaume de Butua	Kingdom of Butua		BGRF							
Basic	Basic	Basic					Basic	Basic	Basic	BGRF							
Delhy 	Delhy 	Delhy 					Delhy 	Delhy 	Delhy 	BGRF							
Gaznah 	Gaznah 	Gaznah 					Gaznah 	Gaznah 	Gaznah 	BGRF							
Kiansi 	Kiansi 	Kiansi 					Kiansi 	Kiansi 	Kiansi 	BGRF							
Courtille 	Courtille 	Courtille 					Courtille 	Courtille 	Courtille 	BGRF							
Luxurville 	Luxurville 	Luxurville 					Luxurville 	Luxurville 	Luxurville 	BGRF							
Manoa	Manoa	Manoa					Manoa	Manoa	Manoa	BGRF							
Sestos 	Sestos 	Sestos 					Sestos 	Sestos 	Sestos 	BGRF							
St.-Maixent 	St.-Maixent 	St.-Maixent 					St.-Maixent 	St.-Maixent 	St.-Maixent 	BGRF							
Tombut 	Tombut 	Tombut 					Tombut 	Tombut 	Tombut 	BGRF							
Tunquin 	Tunquin 	Tunquin 					Tunquin 	Tunquin 	Tunquin 	BGRF							
Altona	Altona 	Altona					Altona	Altona 	Altona	BGRF							
Apollon 	Apollon 	Apollon 					Apollon 	Apollon 	Apollon 	BGRF							
Cap-Français 	Cap-Français 	Cap-Français 					Cap-Français 	Cap-Français 	Cap-Français 	BGRF							
Paraclet 	Paraclet 	Paraclet 					Paraclet 	Paraclet 	Paraclet 	BGRF							
Les Sables	Les Sables	Les Sables					Les Sables	Les Sables	Les Sables	BGRF							
Bero	Bero	Bero					Bero	Bero	Bero	BGRF							
Brampour	Brampour	Brampour					Brampour	Brampour	Brampour	BGRF							
L’Oxus	L’Oxus	L’Oxus					L’Oxus	L’Oxus	L’Oxus	BGRF							
Dujardin	Dujardin	Dujardin					Dujardin	Dujardin	Dujardin	BGRF							
Ellivenul	Ellivenul	Ellivenul					Ellivenul	Ellivenul	Ellivenul	BGRF							
Eutaxie	Eutaxie	Eutaxie					Eutaxie	Eutaxie	Eutaxie	BGRF							
Fanfan	Fanfan	Fanfan					Fanfan	Fanfan	Fanfan	BGRF							
Femey	Femey	Femey					Femey	Femey	Femey	BGRF							
Isaphan	Isaphan	Isaphan					Isaphan	Isaphan	Isaphan	BGRF							
Isscdon	Isscdon	Isscdon					Isscdon	Isscdon	Isscdon	BGRF							
La-llaie	La-llaie	La-llaie					La-llaie	La-llaie	La-llaie	BGRF							
Lemierre	Lemierre	Lemierre					Lemierre	Lemierre	Lemierre	BGRF							
Lombard	Lombard	Lombard					Lombard	Lombard	Lombard	BGRF							
Merkus	Merkus	Merkus					Merkus	Merkus	Merkus	BGRF							
Saint-Cyr	Saint-Cyr	Saint-Cyr					Saint-Cyr	Saint-Cyr	Saint-Cyr	BGRF							
Sindif	Sindif	Sindif					Sindif	Sindif	Sindif	BGRF							
Tempé	Tempé	Tempé					Tempé	Tempé	Tempé	BGRF							
Tils	Tils	Tils					Tils	Tils	Tils	BGRF							
Vemeuil	Vemeuil	Vemeuil					Vemeuil	Vemeuil	Vemeuil	BGRF							
Venepole	Venepole	Venepole					Venepole	Venepole	Venepole	BGRF							
Versoy	Versoy	Versoy					Versoy	Versoy	Versoy	BGRF							
Villemanie	Villemanie	Villemanie					Villemanie	Villemanie	Villemanie	BGRF							
Villeneuve	Villeneuve	Villeneuve					Villeneuve	Villeneuve	Villeneuve	BGRF							
Yorck	Yorck	Yorck					Yorck	Yorck	Yorck	BGRF							
bureau de poste	post office	Postfiliale	Q35054 	https://www.wikidata.org/wiki/Q35054 			bureau de poste	post office	Postfiliale	BGRF							
rempart	rampart	Wallanlage	Q1416685 	https://www.wikidata.org/wiki/Q1416685 			rempart	rampart	Wallanlage	BGRF							
atmosphère terrestre	atmosphere of Earth	Erdatmosphäre	Q3230 	https://www.wikidata.org/wiki/Q3230 			atmosphère terrestre	atmosphere of Earth	Erdatmosphäre	BGRF							
Astérie	Astérie	Astérie					Astérie	Astérie	Astérie	BGRF							
Boétie	Boétie	Boétie					Boétie	Boétie	Boétie	BGRF							
Camédris	Camédris	Camédris					Camédris	Camédris	Camédris	BGRF							
Eraste 	Eraste 	Eraste 					Eraste 	Eraste 	Eraste 	BGRF							
France-Australe	France-Australe	France-Australe					France-Australe	France-Australe	France-Australe	BGRF							
Guiane	Guiane	Guiane					Guiane	Guiane	Guiane	BGRF							
Jaccio	Jaccio	Jaccio					Jaccio	Jaccio	Jaccio	BGRF							
Laurence 	Laurence 	Laurence 					Laurence 	Laurence 	Laurence 	BGRF							
Médie 	Médie 	Médie 					Médie 	Médie 	Médie 	BGRF							
Pans	Pans	Pans					Pans	Pans	Pans	BGRF							
Parnasse	Parnasse	Parnasse					Parnasse	Parnasse	Parnasse	BGRF							
Saint-Cyran 	Saint-Cyran 	Saint-Cyran 					Saint-Cyran 	Saint-Cyran 	Saint-Cyran 	BGRF							
Sanfrein 	Sanfrein 	Sanfrein 					Sanfrein 	Sanfrein 	Sanfrein 	BGRF							
Sinaclée 	Sinaclée 	Sinaclée 					Sinaclée 	Sinaclée 	Sinaclée 	BGRF							
Téluce 	Téluce 	Téluce 					Téluce 	Téluce 	Téluce 	BGRF							
Thibet 	Thibet 	Thibet 					Thibet 	Thibet 	Thibet 	BGRF							
Vera-Cruz 	Vera-Cruz 	Vera-Cruz 					Vera-Cruz 	Vera-Cruz 	Vera-Cruz 	BGRF							
Alicante	Alicante	Alicante	Q11959 		https://www.wikidata.org/wiki/Q11959 	38.345277777778,-0.48305555555556	Alicante	Alicante	Alicante	BGRF							
Alpes italiennes	Italian Alps	Italienische Alpen	Q3509494 		https://www.wikidata.org/wiki/Q3509494 		Alpes italiennes	Italian Alps	Italienische Alpen	BGRF							
Ardenne	Ardennes	Ardennen	Q151985 		https://www.wikidata.org/wiki/Q151985 	50.25,5.6666666666667	Ardenne	Ardennes	Ardennen	BGRF							
Champagne	Champagne	Champagne	Q273827 		https://www.wikidata.org/wiki/Q273827 	49,4	Champagne	Champagne	Champagne	BGRF							
Guyenne	Guyenne	Guyenne	Q849324 		https://www.wikidata.org/wiki/Q849324 	43.977,-0.176	Guyenne	Guyenne	Guyenne	BGRF							
Hesse	Hesse	Hessen	Q1199 		https://www.wikidata.org/wiki/Q1199 	50.60802777777778,9.028472222222222	Hesse	Hesse	Hessen	BGRF							
Léman	Lake Geneva	Genfersee	Q6403 		https://www.wikidata.org/wiki/Q6403 	46.433333333333,6.55	Léman	Lake Geneva	Genfersee	BGRF							
Louisiane	Louisiana	Louisiana	Q1588 		https://www.wikidata.org/wiki/Q1588 	31,-92	Louisiane	Louisiana	Louisiana	BGRF							
Palatinat rhénan	Palatinate	Pfalz	Q326359 		https://www.wikidata.org/wiki/Q326359 	49.5,8.016669444444444	Palatinat rhénan	Palatinate	Pfalz	BGRF							
Pescia	Pescia	Pescia	Q18493366		https://www.wikidata.org/wiki/Q18493366	42.68505,13.15714	Pescia	Pescia	Pescia	BGRF							
Suriname	Surinam	Suriname	Q7646305 		https://www.wikidata.org/wiki/Q7646305 		Suriname	Surinam	Suriname	BGRF							
Thèbe	Thebe	Theben	Q2723626 		https://www.wikidata.org/wiki/Q2723626 	39.5833,27	Thèbe	Thebe	Theben	BGRF							
Vérone	Verona	Verona	Q2028		https://www.wikidata.org/wiki/Q2028	45.43861111111111,10.992777777777778	Vérone	Verona	Verona	BGRF							
Vosges	Vosges	Département Vosges	Q3105		https://www.wikidata.org/wiki/Q3105	48.166666666667,6.4166666666667	Vosges	Vosges	Département Vosges	BGRF							
